image_name,gps_timestamp,gps_week,yaw,pitch,roll
DSC00007.JPG,552471.663062,2234,-84.8,5.1,-7.5
DSC00008.JPG,552473.480113,2234,-89.4,6.1,-11.7
DSC00009.JPG,552475.282038,2234,-100.8,8.2,-4.9
DSC00010.JPG,552477.184215,2234,-103.9,4.8,0.1
DSC00011.JPG,552479.086606,2234,-99.7,5.3,2.1
DSC00012.JPG,552481.021386,2234,-90.5,0.7,3.5
DSC00013.JPG,552482.923746,2234,-89.7,1.9,0.2
DSC00014.JPG,552484.792014,2234,-93,-0.7,-4.5
DSC00015.JPG,552486.626697,2234,-97,0.1,-1.2
DSC00016.JPG,552488.463203,2234,-98.5,1.1,-0.3
DSC00017.JPG,552490.332185,2234,-98.2,0.7,-1.8
DSC00018.JPG,552527.751881,2234,-98.9,2.1,2.4
DSC00019.JPG,552529.670054,2234,-97.4,-1.8,-0.1
DSC00020.JPG,552531.504919,2234,-99.2,0.6,-1.9
DSC00021.JPG,552533.306666,2234,-96.9,1.1,-0.6
DSC00022.JPG,552535.108478,2234,-94.7,1.1,0.4
DSC00023.JPG,552536.877093,2234,-95.1,1.2,2
DSC00024.JPG,552538.645589,2234,-98.1,1.2,-5.4
DSC00025.JPG,552540.448588,2234,-97.6,-0.3,2.9
DSC00026.JPG,552542.215378,2234,-95.3,-0.3,2.8
DSC00027.JPG,552544.018733,2234,-97.1,-0.7,-1.1
DSC00028.JPG,552545.685876,2234,-93.2,-2.3,2.3
DSC00029.JPG,552547.45446,2234,-95.2,-1.9,-0.6
DSC00030.JPG,552549.222727,2234,-97.4,-1.5,-2.8
DSC00031.JPG,552550.958355,2234,-98.2,0.4,0.9
DSC00032.JPG,552552.692473,2234,-97.8,2,2
DSC00033.JPG,552554.528481,2234,-96.9,2.4,1.4
DSC00034.JPG,552556.429596,2234,-96.8,3,2.6
DSC00035.JPG,552558.33196,2234,-96.7,2.7,0
DSC00036.JPG,552560.233894,2234,-98.3,4.8,-1.9
DSC00037.JPG,552562.202643,2234,-99.7,4.6,1
DSC00038.JPG,552564.104205,2234,-100.1,6.4,0
DSC00039.JPG,552566.540124,2234,-99.1,5.5,-2.9
DSC00040.JPG,552569.009351,2234,-100.5,3,2.9
DSC00041.JPG,552571.379477,2234,-98,0.2,-1.8
DSC00042.JPG,552573.547204,2234,-100.7,0,-0.1
DSC00043.JPG,552575.683873,2234,-98.2,-1.9,5.2
DSC00044.JPG,552577.684876,2234,-98.8,-1.7,-0.1
DSC00045.JPG,552579.688047,2234,-101.1,-2.5,2.3
DSC00046.JPG,552581.621913,2234,-99.9,-3.3,2.8
DSC00047.JPG,552583.490299,2234,-91.7,-3.5,3.6
DSC00048.JPG,552585.259233,2234,-96.5,-3.1,-2
DSC00049.JPG,552587.027698,2234,-97,-3.2,-0.2
DSC00050.JPG,552588.729238,2234,-101.3,-3.2,2.1
DSC00051.JPG,552590.464084,2234,-102.4,-3.7,1.1
DSC00052.JPG,552592.200337,2234,-102.5,-3.4,1.9
DSC00053.JPG,552611.435309,2234,96.8,1.2,2.6
DSC00054.JPG,552612.88628,2234,91.7,4.4,-8.6
DSC00055.JPG,552614.38794,2234,84.2,6.9,-14.4
DSC00056.JPG,552615.889617,2234,75.2,6.4,-5.7
DSC00057.JPG,552617.357446,2234,69.6,9.2,-0.6
DSC00058.JPG,552618.79231,2234,67.8,9.5,8.4
DSC00059.JPG,552620.226837,2234,79.2,7.7,9.4
DSC00060.JPG,552621.695601,2234,81.7,8,3.1
DSC00061.JPG,552623.13047,2234,80.6,7.5,2.6
DSC00062.JPG,552624.598495,2234,78.9,6.5,0.5
DSC00063.JPG,552626.100404,2234,80.5,4,-0.9
DSC00064.JPG,552627.500966,2234,76.5,6.5,-1.8
DSC00065.JPG,552628.869232,2234,81.5,4.3,2.7
DSC00066.JPG,552630.304458,2234,82.5,6.6,-0.8
DSC00067.JPG,552631.805558,2234,86,8.3,-1.7
DSC00068.JPG,552633.340108,2234,82,4.3,-2.3
DSC00069.JPG,552634.874917,2234,75.9,7.4,-3.5
DSC00070.JPG,552636.443503,2234,79.6,6.2,-1.7
DSC00071.JPG,552638.011308,2234,86.5,5.6,-1.7
DSC00072.JPG,552639.546164,2234,84.4,3.5,1.5
DSC00073.JPG,552641.01466,2234,85.8,7.1,2.8
DSC00074.JPG,552642.483418,2234,88.1,8.1,-2.3
DSC00075.JPG,552643.218113,2234,85.2,7.7,-4.2
DSC00076.JPG,552644.652948,2234,84.3,6.6,-4.6
DSC00077.JPG,552646.053176,2234,81.1,4.9,-3.8
DSC00078.JPG,552647.454616,2234,80.9,4.6,0.4
DSC00079.JPG,552648.822554,2234,81.9,6.3,1
DSC00080.JPG,552650.225118,2234,82.8,6.6,-0.4
DSC00081.JPG,552651.591883,2234,84.1,7.3,-1.7
DSC00082.JPG,552653.028141,2234,83.1,6.8,-0.1
DSC00083.JPG,552654.428454,2234,83.6,5.5,-1.9
DSC00084.JPG,552655.863481,2234,81.5,6,-0.8
DSC00085.JPG,552656.596999,2234,81.4,4.8,0.7
DSC00086.JPG,552658.131862,2234,80,4.8,0.2
DSC00087.JPG,552659.700182,2234,80.1,2.8,0.4
DSC00088.JPG,552661.301388,2234,80.1,0.3,-1.7
DSC00089.JPG,552662.936654,2234,73.7,-2.1,0.2
DSC00090.JPG,552664.538222,2234,75.4,-3.6,0.5
DSC00091.JPG,552666.106381,2234,77.4,-3.4,-1.1
DSC00092.JPG,552667.674749,2234,77.8,-3.1,-0.7
DSC00093.JPG,552669.209703,2234,76.5,-2.6,1.4
DSC00094.JPG,552670.711338,2234,69.7,-2,-2
DSC00095.JPG,552671.445389,2234,71.6,-2.1,-2.2
DSC00096.JPG,552672.846428,2234,73,-0.3,1.6
DSC00097.JPG,552674.315316,2234,74.4,0.9,4.2
DSC00098.JPG,552675.716235,2234,78.3,2.1,-2.6
DSC00099.JPG,552677.151038,2234,78.7,3.5,-1.5
DSC00100.JPG,552678.619738,2234,76.9,1.1,-1.9
DSC00101.JPG,552680.020423,2234,76.9,4.7,-0.7
DSC00102.JPG,552681.455233,2234,82.5,3.4,3.6
DSC00103.JPG,552682.890077,2234,85.9,4.8,2
DSC00104.JPG,552684.324616,2234,78.9,7,-2.3
DSC00105.JPG,552685.360395,2234,82.8,4.2,-3.1
DSC00106.JPG,552686.795462,2234,77.1,5.3,-4.5
DSC00107.JPG,552688.229046,2234,79.1,5.4,-0.4
DSC00108.JPG,552689.630519,2234,77.1,6.8,1.8
DSC00109.JPG,552691.098675,2234,76.2,7,0.7
DSC00110.JPG,552692.599784,2234,77.9,3.4,-1.1
DSC00111.JPG,552694.101184,2234,80.9,3.6,-0.5
DSC00112.JPG,552695.602682,2234,81.5,2.6,-3.9
DSC00113.JPG,552697.070688,2234,83.8,2.2,-0.8
DSC00114.JPG,552698.539687,2234,82.4,2.5,-0.8
DSC00115.JPG,552699.773639,2234,78.3,1.9,-2.4
DSC00116.JPG,552701.14175,2234,78.9,3,1.3
DSC00117.JPG,552702.51014,2234,79.2,4.2,3.9
DSC00118.JPG,552703.912474,2234,79.7,1.5,-1.6
DSC00119.JPG,552705.245863,2234,81.4,4.8,1.2
DSC00120.JPG,552706.614287,2234,78.2,5.7,1.2
DSC00121.JPG,552707.982112,2234,82.3,6.9,0.9
DSC00122.JPG,552709.383771,2234,81.1,5.4,2.7
DSC00123.JPG,552710.751417,2234,82.5,5.6,0.5
DSC00124.JPG,552712.186387,2234,85.4,3.9,-0.6
DSC00125.JPG,552713.587435,2234,82.2,4.4,-2.2
DSC00126.JPG,552715.022068,2234,81.5,3.3,-0.7
DSC00127.JPG,552716.456967,2234,80,3.9,-0.3
DSC00128.JPG,552717.891943,2234,79.8,4.1,0.6
DSC00129.JPG,552719.326344,2234,81.2,3.6,0.3
DSC00130.JPG,552720.794551,2234,81.2,3.2,0.5
DSC00131.JPG,552733.591225,2234,-110.5,-1.6,2.2
DSC00132.JPG,552735.543031,2234,-105.7,0.1,8.1
DSC00133.JPG,552737.51147,2234,-97.1,-0.5,6
DSC00134.JPG,552739.513445,2234,-93.1,0.3,0
DSC00135.JPG,552741.550007,2234,-97.8,1.4,-5.2
DSC00136.JPG,552743.551848,2234,-99.6,1.8,-2.2
DSC00137.JPG,552745.519647,2234,-100.7,2.6,1.3
DSC00138.JPG,552747.489364,2234,-94,4,0.8
DSC00139.JPG,552749.456944,2234,-90.8,3.3,-1
DSC00140.JPG,552751.425434,2234,-95.3,3.1,-1.4
DSC00141.JPG,552753.427115,2234,-94.9,1.4,-1.8
DSC00142.JPG,552754.161194,2234,-96.2,3.4,0.5
DSC00143.JPG,552756.12993,2234,-96.8,2.7,-3.8
DSC00144.JPG,552758.031744,2234,-100.6,3.6,-1.5
DSC00145.JPG,552759.900867,2234,-100.2,3.8,2.9
DSC00146.JPG,552761.735659,2234,-98.1,4.8,1.4
DSC00147.JPG,552763.604026,2234,-100.9,4.5,0.4
DSC00148.JPG,552765.47426,2234,-100.8,4.4,-1.6
DSC00149.JPG,552767.308035,2234,-96.3,1.6,0.1
DSC00150.JPG,552769.17677,2234,-100.5,2.8,-2
DSC00151.JPG,552771.011387,2234,-99.8,2.4,-0.4
DSC00152.JPG,552771.812181,2234,-99.2,2.2,0.1
DSC00153.JPG,552773.680908,2234,-99.7,1.6,-0.2
DSC00154.JPG,552775.58337,2234,-100.5,0.5,-1
DSC00155.JPG,552777.417626,2234,-98.9,-0.3,-1.9
DSC00156.JPG,552779.253285,2234,-99.6,-1,0.8
DSC00157.JPG,552781.02222,2234,-101.5,-2.1,-0.7
DSC00158.JPG,552782.689951,2234,-99.6,-1.8,-0.2
DSC00159.JPG,552784.391525,2234,-99,-2.6,0.6
DSC00160.JPG,552786.026367,2234,-100.2,-1.8,1
DSC00161.JPG,552787.661563,2234,-97.7,-0.1,0
DSC00162.JPG,552788.430419,2234,-98.2,-2.1,0.3
DSC00163.JPG,552790.164037,2234,-99.5,-2.8,1.9
DSC00164.JPG,552791.899149,2234,-99,-3.3,2
DSC00165.JPG,552793.601117,2234,-101.6,-3.5,0
DSC00166.JPG,552795.235582,2234,-100.3,-2.2,-2
DSC00167.JPG,552796.903994,2234,-103.7,-2.8,-0.7
DSC00168.JPG,552798.605918,2234,-110.1,-0.4,0.6
DSC00169.JPG,552800.373911,2234,-102,-1.4,2.7
DSC00170.JPG,552802.209591,2234,-99.8,-0.6,-0.4
DSC00171.JPG,552804.111377,2234,-99.1,0.4,0.4
DSC00172.JPG,552804.879058,2234,-97.4,1.1,-1.2
DSC00173.JPG,552806.747116,2234,-97,2.1,1.4
DSC00174.JPG,552808.682479,2234,-95.3,3.5,1
DSC00175.JPG,552810.684682,2234,-99,3.7,-2.1
DSC00176.JPG,552812.686479,2234,-100.8,3.2,-1
DSC00177.JPG,552814.65516,2234,-103.6,4.5,0.6
DSC00178.JPG,552816.590665,2234,-100.6,5.3,0.1
DSC00179.JPG,552818.492815,2234,-99.6,5.3,-0.2
DSC00180.JPG,552820.361221,2234,-94.1,5.8,-1.4
DSC00181.JPG,552822.162588,2234,-93.2,5.8,-3.3
DSC00182.JPG,552823.66419,2234,-92.9,5.1,-0.5
DSC00183.JPG,552825.632998,2234,-98.1,0.7,0.5
DSC00184.JPG,552827.568418,2234,-99.2,-1.3,2.3
DSC00185.JPG,552829.503604,2234,-95.3,-1.6,0
DSC00186.JPG,552831.404971,2234,-100.7,-1.5,-0.7
DSC00187.JPG,552833.307222,2234,-101,-1.4,0
DSC00188.JPG,552835.209211,2234,-102.2,-0.6,-2.4
DSC00189.JPG,552837.077613,2234,-101.1,-1.3,5.4
DSC00190.JPG,552838.912784,2234,-99.1,0.2,0
DSC00191.JPG,552840.714585,2234,-95.1,0.7,0.3
DSC00192.JPG,552841.481936,2234,-95.6,0.6,-2.6
DSC00193.JPG,552843.384041,2234,-99.6,-0.9,-2.2
DSC00194.JPG,552845.285846,2234,-103.1,-2.4,0.4
DSC00195.JPG,552847.187659,2234,-100.1,-1.4,-1.1
DSC00196.JPG,552849.055868,2234,-98.9,-1.9,1
DSC00197.JPG,552850.9247,2234,-98.8,-1.9,1
DSC00198.JPG,552852.792881,2234,-101.5,-1.6,-2.3
DSC00199.JPG,552854.661831,2234,-101.6,-0.1,1.9
DSC00200.JPG,552856.530632,2234,-97.1,-1.2,6.2
DSC00201.JPG,552858.398936,2234,-95.1,-0.3,-0.8
DSC00202.JPG,552860.267567,2234,-100.9,0.2,-0.5
DSC00203.JPG,552862.169496,2234,-99.6,2,-1.8
DSC00204.JPG,552864.104579,2234,-94.1,1.3,1
DSC00205.JPG,552866.04017,2234,-97,2.7,-2
DSC00206.JPG,552868.009155,2234,-100.3,2.3,1.3
DSC00207.JPG,552880.237982,2234,68.6,5.3,7
DSC00208.JPG,552881.688951,2234,76.2,6.4,11
DSC00209.JPG,552883.223636,2234,83.9,5.6,6.5
DSC00210.JPG,552884.825458,2234,90.9,4.1,1.9
DSC00211.JPG,552886.360587,2234,90.4,3.5,-7.3
DSC00212.JPG,552887.895749,2234,78.5,5.4,-8.6
DSC00213.JPG,552889.430037,2234,76.8,3.8,-3.9
DSC00214.JPG,552890.964578,2234,76.2,4.8,0.3
DSC00215.JPG,552892.466211,2234,75.7,2.9,4.2
DSC00216.JPG,552893.934181,2234,79.9,6.8,2.6
DSC00217.JPG,552895.402241,2234,82.1,6.5,0.7
DSC00218.JPG,552896.170175,2234,76.8,5,-2.3
DSC00219.JPG,552897.671695,2234,77.3,2.9,-2.2
DSC00220.JPG,552899.207623,2234,78.3,4.1,-2
DSC00221.JPG,552900.707865,2234,79.1,3.9,-0.1
DSC00222.JPG,552902.209416,2234,82.7,4.9,-0.6
DSC00223.JPG,552903.744219,2234,79.4,4.5,-1
DSC00224.JPG,552905.312129,2234,81,2.5,1.3
DSC00225.JPG,552906.881184,2234,82.5,4.8,3.3
DSC00226.JPG,552908.415766,2234,78.5,3.7,-2.8
DSC00227.JPG,552909.983936,2234,76.1,2.4,1.5
DSC00228.JPG,552911.251785,2234,76.5,3.2,-0.1
DSC00229.JPG,552912.853258,2234,81.2,2.1,0.6
DSC00230.JPG,552914.421886,2234,82.9,1.6,0.5
DSC00231.JPG,552916.023354,2234,81.7,2.2,0.9
DSC00232.JPG,552917.626265,2234,80.4,2.2,-1.5
DSC00233.JPG,552919.226343,2234,79.8,1.8,-1.5
DSC00234.JPG,552920.828244,2234,81.3,1.3,2.5
DSC00235.JPG,552922.397669,2234,82.3,3.8,-0.3
DSC00236.JPG,552923.965204,2234,75.6,2.9,0.1
DSC00237.JPG,552925.499238,2234,76.9,3.1,-0.2
DSC00238.JPG,552926.802203,2234,79.1,1.5,-1.3
DSC00239.JPG,552928.403635,2234,76.1,-0.2,1.9
DSC00240.JPG,552930.004081,2234,75.4,-2.2,1
DSC00241.JPG,552931.605515,2234,74.1,-0.3,1.4
DSC00242.JPG,552933.173454,2234,80.2,-1,1.1
DSC00243.JPG,552934.742118,2234,82,0.5,0.7
DSC00244.JPG,552936.276992,2234,83.4,0.1,1.7
DSC00245.JPG,552937.845015,2234,77.4,0.3,-0.7
DSC00246.JPG,552939.380296,2234,76.8,1.8,2
DSC00247.JPG,552940.948109,2234,78.6,2.1,1.5
DSC00248.JPG,552942.015796,2234,79.3,2.8,-0.5
DSC00249.JPG,552943.417418,2234,80.4,5.6,-2.5
DSC00250.JPG,552944.85227,2234,84.9,6.5,1.9
DSC00251.JPG,552946.286679,2234,83.4,8.1,-4.7
DSC00252.JPG,552947.755127,2234,85.4,6.9,1.3
DSC00253.JPG,552949.223079,2234,85.3,7.4,-0.7
DSC00254.JPG,552950.724638,2234,84.5,6.1,-1.5
DSC00255.JPG,552952.226345,2234,83.7,6.1,-1.6
DSC00256.JPG,552953.727991,2234,82.8,5.6,0.3
DSC00257.JPG,552955.229786,2234,82.8,5,0.1
DSC00258.JPG,552956.663944,2234,86.5,4.5,-2
DSC00259.JPG,552957.431951,2234,83.1,4.8,-0.5
DSC00260.JPG,552958.834122,2234,80.1,5.1,0.6
DSC00261.JPG,552960.234562,2234,78.3,5.9,1
DSC00262.JPG,552961.669019,2234,78.6,3.3,0.5
DSC00263.JPG,552963.137198,2234,80.8,3.2,1.1
DSC00264.JPG,552964.640005,2234,84,3.8,-1.4
DSC00265.JPG,552966.14047,2234,79.5,3.1,0.7
DSC00266.JPG,552967.675563,2234,77.5,2.4,0.2
DSC00267.JPG,552969.209966,2234,76.7,0.9,1
DSC00268.JPG,552970.745974,2234,76.9,-0.2,0.5
DSC00269.JPG,552971.479188,2234,75,0.3,-0.7
DSC00270.JPG,552972.947028,2234,77.3,1.2,0.6
DSC00271.JPG,552974.448818,2234,79.7,0.3,2.1
DSC00272.JPG,552975.916466,2234,77.8,1.8,-2
DSC00273.JPG,552977.451461,2234,76.1,1.6,-1.8
DSC00274.JPG,552978.986217,2234,78.9,1.6,0.6
DSC00275.JPG,552980.488023,2234,75.9,2.4,-5.5
DSC00276.JPG,552982.022738,2234,75.9,3.6,-1.3
DSC00277.JPG,552983.524298,2234,77.2,3.8,3.3
DSC00278.JPG,552985.025619,2234,79.5,3.9,2.7
DSC00279.JPG,552986.560521,2234,82.5,3,2.2
DSC00280.JPG,552988.06226,2234,82.4,5.4,-3
DSC00281.JPG,552989.597563,2234,80.9,4.3,-3.5
DSC00282.JPG,552991.131767,2234,79.9,1.8,-2.2
DSC00283.JPG,552992.666623,2234,79.7,3.6,-0.4
DSC00284.JPG,552994.16813,2234,82.5,2.2,0.8
DSC00285.JPG,553011.303199,2234,-113.1,3.8,8.3
DSC00286.JPG,553013.38872,2234,-102.4,3.4,10.3
DSC00287.JPG,553015.422992,2234,-90.8,1.5,4.6
DSC00288.JPG,553017.458518,2234,-90,2.3,-0.2
DSC00289.JPG,553019.494138,2234,-90.6,0.4,-3.3
DSC00290.JPG,553021.42915,2234,-93.7,0.9,-0.2
DSC00291.JPG,553023.330899,2234,-97.2,0,0.7
DSC00292.JPG,553025.199892,2234,-100.7,-0.3,-1.6
DSC00293.JPG,553026.96774,2234,-98.4,1.1,-0.2
DSC00294.JPG,553028.769531,2234,-96.1,0.4,3
DSC00295.JPG,553030.571489,2234,-93.6,-1.7,-0.6
DSC00296.JPG,553032.40661,2234,-94,-0.7,0.2
DSC00297.JPG,553034.208446,2234,-94.8,0.1,-3.6
DSC00298.JPG,553036.04365,2234,-100.7,0.1,2.1
DSC00299.JPG,553037.845251,2234,-102.9,0.5,0.2
DSC00300.JPG,553039.68061,2234,-96.6,0.6,2
DSC00301.JPG,553041.515574,2234,-100.1,2,-2.7
DSC00302.JPG,553043.451537,2234,-100.1,1.7,-2.5
DSC00303.JPG,553045.386262,2234,-98.4,1.4,0
DSC00304.JPG,553047.3215,2234,-102.1,0.7,-3.3
DSC00305.JPG,553048.689409,2234,-104.1,1.7,-2.4
DSC00306.JPG,553050.759466,2234,-100.2,0.1,1
DSC00307.JPG,553052.760428,2234,-104.3,0.1,0.2
DSC00308.JPG,553054.795792,2234,-101.3,-3.1,4.2
DSC00309.JPG,553056.764415,2234,-98.2,-6.2,-1.1
DSC00310.JPG,553058.63276,2234,-103.3,-6.9,-0.3
DSC00311.JPG,553060.401312,2234,-105.5,-6.4,-0.5
DSC00312.JPG,553062.136651,2234,-103.7,-4.7,2.1
DSC00313.JPG,553063.837799,2234,-99,-5,4.5
DSC00314.JPG,553065.50613,2234,-95.1,-3.3,2
DSC00315.JPG,553066.273811,2234,-94.9,-2.7,0
DSC00316.JPG,553067.975499,2234,-94.8,-1.1,1.5
DSC00317.JPG,553069.710695,2234,-98.3,-0.9,-2.6
DSC00318.JPG,553071.445676,2234,-98.5,-1.2,1
DSC00319.JPG,553073.214097,2234,-97.3,-2.6,1.4
DSC00320.JPG,553074.948816,2234,-98.3,-1.8,1.8
DSC00321.JPG,553076.717479,2234,-97,-0.8,3.5
DSC00322.JPG,553078.485709,2234,-101,-1.8,-0.9
DSC00323.JPG,553080.221129,2234,-97.4,-0.8,-2.1
DSC00324.JPG,553081.956456,2234,-98.3,1.4,-0.4
DSC00325.JPG,553082.957213,2234,-96.4,1.6,-1.3
DSC00326.JPG,553084.725673,2234,-98.6,1,-0.1
DSC00327.JPG,553086.562,2234,-99.2,0.7,-1.2
DSC00328.JPG,553088.395972,2234,-102.5,-0.7,3
DSC00329.JPG,553090.197872,2234,-102.4,0,2.1
DSC00330.JPG,553091.932724,2234,-97.8,1,0.3
DSC00331.JPG,553093.667851,2234,-98.6,2.2,-2.9
DSC00332.JPG,553095.436634,2234,-102.7,3.4,-2.9
DSC00333.JPG,553097.171254,2234,-103,3.7,-1.5
DSC00334.JPG,553098.972986,2234,-99.2,4,2.7
DSC00335.JPG,553100.307732,2234,-99.6,1.5,2.1
DSC00336.JPG,553102.244224,2234,-98.7,1.4,2.4
DSC00337.JPG,553104.145116,2234,-101.4,3.3,-1.9
DSC00338.JPG,553106.11377,2234,-101.4,2.1,-0.2
DSC00339.JPG,553108.115718,2234,-100,1.7,0
DSC00340.JPG,553110.219001,2234,-98.8,2.3,0.2
DSC00341.JPG,553112.287706,2234,-98.8,1.4,0.5
DSC00342.JPG,553114.321932,2234,-99.1,2.8,-0.4
DSC00343.JPG,553116.390709,2234,-99.2,2.8,-0.7
DSC00344.JPG,553118.492768,2234,-100.4,2.4,-0.2
DSC00345.JPG,553119.693531,2234,-102.5,3.1,0.5
DSC00346.JPG,553121.862935,2234,-95.8,1.9,0.3
DSC00347.JPG,553124.03175,2234,-98,2.3,0.4
DSC00348.JPG,553126.133769,2234,-98.8,2.9,-2.9
DSC00349.JPG,553128.269129,2234,-98,0.8,-2.5
DSC00350.JPG,553130.371196,2234,-95.8,-0.4,4.3
DSC00351.JPG,553132.406718,2234,-94.6,1.2,1
DSC00352.JPG,553134.442012,2234,-99.1,2.2,-4.8
DSC00353.JPG,553136.477452,2234,-97.4,0.9,3.6
DSC00354.JPG,553138.512799,2234,-97.2,1.6,0.3
DSC00355.JPG,553140.514828,2234,-97.7,2.3,-0.3
DSC00356.JPG,553142.483297,2234,-96,1.8,1
DSC00357.JPG,553144.518612,2234,-94.9,1.8,1
DSC00358.JPG,553146.487797,2234,-95.1,3.7,0.4
DSC00359.JPG,553148.389564,2234,-98.4,4.6,-0.4
DSC00360.JPG,553150.257895,2234,-93.2,6.6,1.7
DSC00361.JPG,553152.092973,2234,-90.8,7.5,2
DSC00362.JPG,553153.928117,2234,-88.7,7.2,-1.7
DSC00363.JPG,553166.524689,2234,58.2,7,2.9
DSC00364.JPG,553168.242296,2234,76.7,5.6,13.6
DSC00365.JPG,553169.944157,2234,83.3,3.8,2.5
DSC00366.JPG,553171.645939,2234,87.6,1.9,-2
DSC00367.JPG,553173.347259,2234,85,-1.1,0.8
DSC00368.JPG,553175.015836,2234,78.2,-0.7,-6.5
DSC00369.JPG,553176.717445,2234,73.4,-1.9,-0.5
DSC00370.JPG,553178.419449,2234,71.5,-2.3,0.7
DSC00371.JPG,553180.055543,2234,75.3,-2.3,2.5
DSC00372.JPG,553181.689659,2234,75.7,-3.7,2.4
DSC00373.JPG,553183.258663,2234,75.4,-3.4,4.7
DSC00374.JPG,553184.758953,2234,76.7,-2.2,-2.2
DSC00375.JPG,553186.26041,2234,75.9,-1,-1.7
DSC00376.JPG,553187.761903,2234,75.1,0.6,-0.4
DSC00377.JPG,553189.296566,2234,74.2,1.2,2.7
DSC00378.JPG,553190.798492,2234,75.5,3,-0.9
DSC00379.JPG,553192.333316,2234,81.2,1.6,1.5
DSC00380.JPG,553193.868432,2234,83.4,1.8,2.3
DSC00381.JPG,553195.369746,2234,87.5,1.4,-0.5
DSC00382.JPG,553196.871284,2234,83,3.4,-4.1
DSC00383.JPG,553198.239251,2234,82,0.8,-0.3
DSC00384.JPG,553199.673895,2234,78.2,2.8,0.4
DSC00385.JPG,553201.108943,2234,80.3,4.3,2.6
DSC00386.JPG,553202.576877,2234,81,3.8,-1.8
DSC00387.JPG,553204.078452,2234,85.8,3.4,1.2
DSC00388.JPG,553205.580359,2234,80.8,4.7,-5.3
DSC00389.JPG,553207.116024,2234,83.3,2.4,0
DSC00390.JPG,553208.616194,2234,81.2,4.3,-3.1
DSC00391.JPG,553210.151503,2234,80.5,4.2,-0.7
DSC00392.JPG,553211.685768,2234,79.3,1.6,-0.8
DSC00393.JPG,553213.187477,2234,80.9,1,0.1
DSC00394.JPG,553214.68869,2234,79.9,1.5,1
DSC00395.JPG,553216.19049,2234,83.1,2.5,1.3
DSC00396.JPG,553217.692065,2234,84.7,1.8,-1.2
DSC00397.JPG,553219.193543,2234,83.9,2.4,-0.7
DSC00398.JPG,553220.728483,2234,82.2,1.9,0.2
DSC00399.JPG,553222.26295,2234,79.6,1.7,3.1
DSC00400.JPG,553223.832024,2234,83.2,1.9,2.4
DSC00401.JPG,553225.366507,2234,86.5,2.2,2.2
DSC00402.JPG,553226.935869,2234,82.8,2.7,0.8
DSC00403.JPG,553227.968626,2234,82.5,2,0.2
DSC00404.JPG,553229.470593,2234,81.6,2.2,-0.9
DSC00405.JPG,553230.971996,2234,81.8,2.6,-1.9
DSC00406.JPG,553232.47311,2234,83.5,2.6,-2.3
DSC00407.JPG,553234.008696,2234,77.4,3.6,-4.3
DSC00408.JPG,553235.509882,2234,79.7,4,1
DSC00409.JPG,553237.078404,2234,81.5,2.9,4.7
DSC00410.JPG,553238.679992,2234,82,1,-0.3
DSC00411.JPG,553240.248431,2234,80.5,0.8,-2.1
DSC00412.JPG,553241.782774,2234,80.3,1.6,0.9
DSC00413.JPG,553243.150701,2234,77.8,1.6,-1.2
DSC00414.JPG,553244.619016,2234,77.6,1.3,1.6
DSC00415.JPG,553246.121041,2234,78,1.8,0.4
DSC00416.JPG,553247.588467,2234,80,3.1,1.7
DSC00417.JPG,553249.124618,2234,82,3.8,1
DSC00418.JPG,553250.692186,2234,81.8,3.6,-1
DSC00419.JPG,553252.294539,2234,83,5.9,-4
DSC00420.JPG,553253.929502,2234,82.4,4.9,-0.5
DSC00421.JPG,553255.530099,2234,77.5,6,-1.5
DSC00422.JPG,553257.165219,2234,83.8,6.8,5.1
DSC00423.JPG,553258.700867,2234,84.7,7.4,1.8
DSC00424.JPG,553260.334919,2234,85.3,7.3,-4.4
DSC00425.JPG,553261.97024,2234,81,6.1,-3.2
DSC00426.JPG,553263.571813,2234,78.2,6.9,-1.4
DSC00427.JPG,553265.20654,2234,77.4,6.5,-0.5
DSC00428.JPG,553266.841293,2234,77.6,5.8,3.7
DSC00429.JPG,553268.47617,2234,78.4,5.7,2.2
DSC00430.JPG,553270.144507,2234,79.3,3.7,-2.1
DSC00431.JPG,553271.781031,2234,80.7,4.4,0.7
DSC00432.JPG,553273.348069,2234,78.8,5.2,-3.1
DSC00433.JPG,553274.616012,2234,80.3,3.8,-1.1
DSC00434.JPG,553276.150608,2234,79.4,4.3,-0.3
DSC00435.JPG,553277.719089,2234,75.6,3.3,0
DSC00436.JPG,553279.286794,2234,80.5,1.1,-0.4
DSC00437.JPG,553280.82192,2234,77.9,2.4,0.1
DSC00438.JPG,553282.390079,2234,76.8,1.1,2
DSC00439.JPG,553283.958318,2234,80.7,0.1,2.3
DSC00440.JPG,553285.526961,2234,79.9,-0.6,1.6
DSC00441.JPG,553287.061361,2234,76.6,-1.7,-3.1
DSC00442.JPG,553288.629909,2234,73.5,-2.6,1.2
DSC00443.JPG,553289.596927,2234,74.5,-2.5,0.4
DSC00444.JPG,553291.198912,2234,73.3,-3.3,4.3
DSC00445.JPG,553292.800559,2234,73.8,-3.6,0.7
DSC00446.JPG,553294.335436,2234,74.1,-4,1.6
DSC00447.JPG,553295.870188,2234,75.1,-3.8,-0.1
DSC00448.JPG,553297.405236,2234,74.5,-3,0
DSC00449.JPG,553298.973845,2234,75.9,-2.9,1.9
DSC00450.JPG,553300.542137,2234,77.4,-3.9,1.3
DSC00451.JPG,553302.110318,2234,78.2,-3.3,0.2
DSC00452.JPG,553303.678378,2234,75.7,-3.5,-1.2
DSC00453.JPG,553305.279981,2234,78,-3.1,1.6
DSC00454.JPG,553306.914949,2234,77.8,-2.2,1.7
DSC00455.JPG,553308.516317,2234,77.1,-2.5,-1
DSC00456.JPG,553310.117861,2234,78.3,-2,0.7
DSC00457.JPG,553321.312918,2234,-102.1,6.6,-1.9
DSC00458.JPG,553323.030615,2234,-104.7,6.4,-1.9
DSC00459.JPG,553324.732523,2234,-96.9,6.9,5.2
DSC00460.JPG,553326.50074,2234,-93.5,4.5,-0.9
DSC00461.JPG,553328.302848,2234,-93.2,5.2,-3.1
DSC00462.JPG,553330.071014,2234,-95.1,4,-2.6
DSC00463.JPG,553331.80626,2234,-101.5,5.2,-3.1
DSC00464.JPG,553333.574594,2234,-100,4.1,0.9
DSC00465.JPG,553335.476692,2234,-93.8,0.6,2.3
DSC00466.JPG,553337.34514,2234,-94,1,-0.5
DSC00467.JPG,553339.246762,2234,-95.7,1.2,-2.3
DSC00468.JPG,553340.014952,2234,-96.8,1.8,2.1
DSC00469.JPG,553341.949653,2234,-97.7,0.2,-3.1
DSC00470.JPG,553343.851712,2234,-93.7,-0.9,-2
DSC00471.JPG,553345.720124,2234,-98.9,-4,-0.4
DSC00472.JPG,553347.555628,2234,-99.4,-3.8,2.6
DSC00473.JPG,553349.391127,2234,-99.4,-2.9,-0.5
DSC00474.JPG,553351.158981,2234,-95.8,-1.7,-0.4
DSC00475.JPG,553352.927429,2234,-96.6,-1.3,-1.6
DSC00476.JPG,553354.695775,2234,-99.3,0,-0.5
DSC00477.JPG,553356.532189,2234,-96.4,-0.2,1.8
DSC00478.JPG,553357.298423,2234,-97.3,-0.1,2.5
DSC00479.JPG,553359.100791,2234,-94.6,2.6,0.8
DSC00480.JPG,553360.868813,2234,-93.2,2.3,-1.7
DSC00481.JPG,553362.670782,2234,-96.5,5.2,-1.3
DSC00482.JPG,553364.539474,2234,-101.3,5.5,-2.3
DSC00483.JPG,553366.407145,2234,-102.7,5,0.1
DSC00484.JPG,553368.309492,2234,-96.5,5.5,-0.3
DSC00485.JPG,553370.244626,2234,-93,6.3,1.9
DSC00486.JPG,553372.246726,2234,-95.3,5.8,-0.6
DSC00487.JPG,553374.282385,2234,-96.5,5,-0.8
DSC00488.JPG,553375.983554,2234,-95.9,5.5,-1
DSC00489.JPG,553378.119332,2234,-97,3.4,-1.7
DSC00490.JPG,553380.287805,2234,-98.3,2.5,0.1
DSC00491.JPG,553382.423489,2234,-96.1,1.4,-1.1
DSC00492.JPG,553384.492877,2234,-95.9,0.8,-0.1
DSC00493.JPG,553386.427503,2234,-95.3,1.8,-1.3
DSC00494.JPG,553388.329711,2234,-100.1,0.9,-0.3
DSC00495.JPG,553390.231604,2234,-101.4,0.4,-0.6
DSC00496.JPG,553392.13317,2234,-101.2,-0.2,0.2
DSC00497.JPG,553394.068622,2234,-100.9,0,-1.3
DSC00498.JPG,553394.937233,2234,-99.6,-0.1,-1.2
DSC00499.JPG,553396.971733,2234,-102,-0.4,3.5
DSC00500.JPG,553399.040517,2234,-100.8,-2.6,0
DSC00501.JPG,553401.008882,2234,-104.2,-0.1,-1.6
DSC00502.JPG,553402.911833,2234,-104.6,0.5,2.1
DSC00503.JPG,553404.745837,2234,-95.3,1.4,4.8
DSC00504.JPG,553406.580999,2234,-101.1,0.4,-4.3
DSC00505.JPG,553408.449725,2234,-99.5,0.8,-3.2
DSC00506.JPG,553410.251479,2234,-98.8,0.3,-1.3
DSC00507.JPG,553412.053359,2234,-95.5,0,-2.1
DSC00508.JPG,553412.887551,2234,-95.7,0.3,0.9
DSC00509.JPG,553414.622351,2234,-98.5,0.4,1.5
DSC00510.JPG,553416.391434,2234,-93.1,-1.3,1.5
DSC00511.JPG,553418.126557,2234,-96.7,-1.2,-1.1
DSC00512.JPG,553419.860926,2234,-99.8,-1.6,-1.8
DSC00513.JPG,553421.662913,2234,-99.5,-1.9,0.4
DSC00514.JPG,553423.431473,2234,-93,-1.4,3.9
DSC00515.JPG,553425.266432,2234,-91.8,-0.8,0.7
DSC00516.JPG,553427.10159,2234,-91,0.7,1.5
DSC00517.JPG,553428.970184,2234,-105.1,0.9,-0.1
DSC00518.JPG,553429.971258,2234,-102.1,0.3,-0.5
DSC00519.JPG,553431.939826,2234,-102.6,-2.5,4.4
DSC00520.JPG,553433.875114,2234,-98.7,-5.4,2.8
DSC00521.JPG,553435.743701,2234,-98.3,-6.1,0.6
DSC00522.JPG,553437.545303,2234,-97,-4.6,4.1
DSC00523.JPG,553439.313869,2234,-97.9,-5.4,-0.5
DSC00524.JPG,553441.015312,2234,-102.2,-3,4.4
DSC00525.JPG,553442.650564,2234,-98.4,-2,4.2
DSC00526.JPG,553444.38671,2234,-95.4,-2,0.6
DSC00527.JPG,553446.087125,2234,-96.8,-1.5,2
DSC00528.JPG,553446.855872,2234,-93.5,-1.7,-1.2
DSC00529.JPG,553448.62307,2234,-96.9,-2.7,2
DSC00530.JPG,553450.35802,2234,-99.1,-1.2,0.2
DSC00531.JPG,553452.093335,2234,-96.3,-0.7,1.5
DSC00532.JPG,553453.828293,2234,-95.6,0.2,1.6
DSC00533.JPG,553455.530044,2234,-97.9,0.4,0.6
DSC00534.JPG,553457.231615,2234,-95.8,2.4,-0.7
DSC00535.JPG,553458.966704,2234,-100.1,1.1,-1.6
DSC00536.JPG,553460.701905,2234,-97.1,0.2,-0.8
DSC00537.JPG,553462.436719,2234,-100.6,0.1,-3.2
DSC00538.JPG,553463.505052,2234,-102.1,0,-1
DSC00539.JPG,553465.139349,2234,-102.4,0.9,0.4
DSC00540.JPG,553466.774584,2234,-105,0.3,-1.5
DSC00541.JPG,553468.409676,2234,-101.7,-0.5,0.2
DSC00542.JPG,553470.011271,2234,-101.5,1,2.1
DSC00543.JPG,553471.679248,2234,-96.6,0.4,0
DSC00544.JPG,553473.314163,2234,-101,0.5,-2.7
DSC00545.JPG,553474.982881,2234,-100,0.9,3
DSC00546.JPG,553476.717901,2234,-101,-0.8,1.3
DSC00547.JPG,553478.453259,2234,-103.7,-1.3,-0.8
DSC00548.JPG,553480.154629,2234,-102.2,-2.8,1.3
DSC00549.JPG,553481.856285,2234,-102.7,-1.6,-0.8
DSC00550.JPG,553483.491847,2234,-97.8,-2,0.2
DSC00551.JPG,553485.092758,2234,-99.1,-0.8,-2.7
DSC00552.JPG,553497.48934,2234,70.3,4.2,-2.8
DSC00553.JPG,553499.006819,2234,74.6,5.2,10.1
DSC00554.JPG,553500.541805,2234,88.9,5.9,8.2
DSC00555.JPG,553502.14299,2234,93.5,6.2,1.9
DSC00556.JPG,553503.811953,2234,90.4,5.2,-9.8
DSC00557.JPG,553505.480171,2234,85.5,4.8,-3.9
DSC00558.JPG,553507.081868,2234,79.8,5.9,-2.3
DSC00559.JPG,553508.716863,2234,79.4,6.6,-1.5
DSC00560.JPG,553510.351398,2234,82.1,5.7,0.8
DSC00561.JPG,553512.052979,2234,84.8,3.8,3
DSC00562.JPG,553513.721662,2234,85.6,3.9,0.2
DSC00563.JPG,553514.455793,2234,85.5,3.4,-3.1
DSC00564.JPG,553516.058474,2234,78.5,4.2,-4.3
DSC00565.JPG,553517.659392,2234,76.4,4.2,0.1
DSC00566.JPG,553519.226992,2234,82.8,3.1,3.5
DSC00567.JPG,553520.829289,2234,83.5,4.8,-0.6
DSC00568.JPG,553522.396934,2234,80,3.7,-2.1
DSC00569.JPG,553524.032013,2234,80.1,3.4,-3.2
DSC00570.JPG,553525.666942,2234,74.8,3.4,0.9
DSC00571.JPG,553527.268196,2234,80.6,3.9,2.8
DSC00572.JPG,553528.836524,2234,83.7,3.5,-1.5
DSC00573.JPG,553529.772206,2234,81.3,5,-5.7
DSC00574.JPG,553531.272621,2234,79.3,5.3,1.3
DSC00575.JPG,553532.807302,2234,82,5.2,2.7
DSC00576.JPG,553534.275457,2234,84.6,7,0.7
DSC00577.JPG,553535.810281,2234,86.6,9.6,-0.1
DSC00578.JPG,553537.378556,2234,84.1,9,-3.2
DSC00579.JPG,553538.980289,2234,84.7,7.6,-1.4
DSC00580.JPG,553540.548441,2234,85.8,8.8,2.1
DSC00581.JPG,553542.050534,2234,78.9,8.9,1.4
DSC00582.JPG,553543.551483,2234,78.2,6.9,-5.6
DSC00583.JPG,553544.986041,2234,79.4,6.3,-1.3
DSC00584.JPG,553546.554423,2234,78.2,5.1,-3
DSC00585.JPG,553548.18951,2234,79.5,2.7,1.6
DSC00586.JPG,553549.891575,2234,80.3,0.3,6
DSC00587.JPG,553551.559619,2234,76.9,-1,-0.6
DSC00588.JPG,553553.195574,2234,75.8,-1.1,-3.5
DSC00589.JPG,553554.72972,2234,78.2,-0.7,1.9
DSC00590.JPG,553556.230831,2234,80.6,-0.2,1.4
DSC00591.JPG,553557.699045,2234,78.5,0.8,-2.1
DSC00592.JPG,553559.166709,2234,76.1,0.4,-0.6
DSC00593.JPG,553559.901289,2234,77.1,0.9,2.3
DSC00594.JPG,553561.3027,2234,79.1,1.8,3.5
DSC00595.JPG,553562.703739,2234,80.6,2.1,3.7
DSC00596.JPG,553564.138584,2234,80.3,2.6,-1.2
DSC00597.JPG,553565.506635,2234,83.8,3.9,-2.5
DSC00598.JPG,553566.941676,2234,76.5,5.7,-5.5
DSC00599.JPG,553568.410195,2234,74.2,3.2,1.9
DSC00600.JPG,553569.8777,2234,77.8,4.3,0.4
DSC00601.JPG,553571.379137,2234,80.2,2.3,3.5
DSC00602.JPG,553572.881178,2234,77.4,3.7,-3.3
DSC00603.JPG,553574.34896,2234,75.6,1.7,2.1
DSC00604.JPG,553575.884355,2234,72.7,1.1,0.7
DSC00605.JPG,553577.385168,2234,77.3,-0.5,0.7
DSC00606.JPG,553578.920272,2234,77.4,-0.4,-2.5
DSC00607.JPG,553580.454931,2234,78.5,-0.7,-0.1
DSC00608.JPG,553581.990476,2234,76.6,0.2,1.6
DSC00609.JPG,553583.491514,2234,78,-1,2.9
DSC00610.JPG,553585.060011,2234,72.1,-1.1,-2.7
DSC00611.JPG,553586.561199,2234,74.2,-3,9.1
DSC00612.JPG,553588.062655,2234,79.4,-4.4,0.3
DSC00613.JPG,553588.963763,2234,78.2,-4.8,-0.7
DSC00614.JPG,553590.531956,2234,79.3,-4.6,1.3
DSC00615.JPG,553592.066363,2234,87.9,-4.1,-0.1
DSC00616.JPG,553593.567983,2234,84.4,-3.6,-3.9
DSC00617.JPG,553595.036145,2234,77,-3.4,-1.4
DSC00618.JPG,553596.537776,2234,79.5,-2.3,3.3
DSC00619.JPG,553598.005915,2234,74.3,-0.4,2.7
DSC00620.JPG,553599.574094,2234,75.9,-2.5,1.7
DSC00621.JPG,553601.176116,2234,75,-1.3,2.8
DSC00622.JPG,553602.811227,2234,83.4,-2.7,2.2
DSC00623.JPG,553603.57885,2234,84.2,-3.1,0.9
DSC00624.JPG,553605.114175,2234,85.3,-1.5,-4.4
DSC00625.JPG,553606.614474,2234,77.8,-1.5,1.6
DSC00626.JPG,553608.150539,2234,75.8,-0.5,1.5
DSC00627.JPG,553609.650816,2234,75.8,0.3,1.3
DSC00628.JPG,553611.185611,2234,79.5,-0.9,2.1
DSC00629.JPG,553612.75523,2234,81.9,-0.5,0.8
DSC00630.JPG,553614.288952,2234,81,0.3,0
DSC00631.JPG,553615.857109,2234,85.5,1.1,0.2
DSC00632.JPG,553617.392142,2234,81.7,1.8,-1.3
DSC00633.JPG,553618.760056,2234,84.6,3,-1.1
DSC00634.JPG,553620.32791,2234,81.1,2.9,-1.3
DSC00635.JPG,553621.89634,2234,79.4,1.6,-1.3
DSC00636.JPG,553623.43206,2234,82.2,2.7,2.9
DSC00637.JPG,553624.899565,2234,83.5,4.9,-0.1
DSC00638.JPG,553626.401318,2234,79.2,3.7,-1.6
DSC00639.JPG,553627.969244,2234,78,2.7,-1.7
DSC00640.JPG,553629.53741,2234,73.2,1,-3.1
DSC00641.JPG,553631.105708,2234,76.5,1.6,2.3
DSC00642.JPG,553632.674618,2234,77,0.9,0.3
DSC00643.JPG,553634.208676,2234,75.4,0.8,1.8
DSC00644.JPG,553635.744211,2234,78.5,1.3,2.1
DSC00645.JPG,553637.245597,2234,78.9,1.8,1.2
DSC00646.JPG,553649.407951,2234,-91.7,2,-1.3
DSC00647.JPG,553651.259243,2234,-93.1,1.4,-2
DSC00648.JPG,553653.094205,2234,-93.8,0.7,0.9
DSC00649.JPG,553654.929975,2234,-97.1,0.6,-0.3
DSC00650.JPG,553656.697887,2234,-96.4,0.5,0.2
DSC00651.JPG,553658.533278,2234,-101.4,0.8,-2.8
DSC00652.JPG,553660.368367,2234,-99.6,1.9,2.8
DSC00653.JPG,553662.270275,2234,-98.3,2.4,-1.6
DSC00654.JPG,553664.205615,2234,-98.8,2.4,-2.3
DSC00655.JPG,553666.107269,2234,-97.8,3.8,-1.2
DSC00656.JPG,553668.009199,2234,-96.9,3.9,-1.9
DSC00657.JPG,553668.777054,2234,-98.1,2.3,-3.1
DSC00658.JPG,553670.678534,2234,-97.5,2.5,-2.3
DSC00659.JPG,553672.514144,2234,-94.7,3,0.6
DSC00660.JPG,553674.315808,2234,-96,2.8,-3.5
DSC00661.JPG,553676.185473,2234,-96.7,0.7,-1.6
DSC00662.JPG,553677.952894,2234,-93.7,-0.3,4.6
DSC00663.JPG,553679.68759,2234,-98.5,-0.3,-2.6
DSC00664.JPG,553681.422778,2234,-101.3,0.7,-3.1
DSC00665.JPG,553683.124441,2234,-102.8,2.4,0.4
DSC00666.JPG,553684.860654,2234,-105.4,3.1,-0.1
DSC00667.JPG,553685.593765,2234,-101,2.7,2.6
DSC00668.JPG,553687.195281,2234,-102.2,4.5,-0.9
DSC00669.JPG,553688.796894,2234,-97.9,6.9,3
DSC00670.JPG,553690.432238,2234,-97.1,5.9,-0.4
DSC00671.JPG,553692.168192,2234,-99.2,6.1,-0.6
DSC00672.JPG,553694.002174,2234,-98.6,4.2,-2.4
DSC00673.JPG,553695.903811,2234,-94.6,3.5,1.3
DSC00674.JPG,553697.738977,2234,-95,5.1,-2.3
DSC00675.JPG,553699.57438,2234,-96.7,4.9,0.9
DSC00676.JPG,553701.409329,2234,-96.9,3.7,0.7
DSC00677.JPG,553703.011581,2234,-93.3,2.9,0.3
DSC00678.JPG,553704.912984,2234,-98.5,0.9,-2.5
DSC00679.JPG,553706.74807,2234,-97,-0.2,4.8
DSC00680.JPG,553708.549804,2234,-92.8,0.8,2.5
DSC00681.JPG,553710.318439,2234,-94.9,1.9,-4.3
DSC00682.JPG,553712.120409,2234,-96.8,2.4,-2.6
DSC00683.JPG,553713.922045,2234,-98,3.3,-1.6
DSC00684.JPG,553715.723797,2234,-100,5.9,0.7
DSC00685.JPG,553717.62561,2234,-96.6,4.4,3.9
DSC00686.JPG,553719.561173,2234,-94.4,6.4,-1.2
DSC00687.JPG,553720.828719,2234,-94.9,5.2,-3.1
DSC00688.JPG,553722.932112,2234,-99.7,5.8,-2.4
DSC00689.JPG,553725.033166,2234,-101.3,5.3,-1.9
DSC00690.JPG,553727.102083,2234,-97.6,5.4,2.9
DSC00691.JPG,553729.237328,2234,-102.9,5,-1.2
DSC00692.JPG,553731.339489,2234,-102,4.5,-3.3
DSC00693.JPG,553733.408109,2234,-100.7,3.3,-1
DSC00694.JPG,553735.443643,2234,-95.5,3.3,0.7
DSC00695.JPG,553737.378627,2234,-98.1,2.9,-3.6
DSC00696.JPG,553739.280521,2234,-98.3,4.1,-0.3
DSC00697.JPG,553740.081595,2234,-95.4,2.8,2.6
DSC00698.JPG,553742.016375,2234,-94.9,2.3,0.9
DSC00699.JPG,553743.95214,2234,-100.1,3.9,-2.1
DSC00700.JPG,553745.853954,2234,-100.4,3.8,1
DSC00701.JPG,553747.790308,2234,-97.7,3.4,-0.5
DSC00702.JPG,553749.691077,2234,-97.9,4.3,-1.3
DSC00703.JPG,553751.626455,2234,-97.3,2.7,-1.1
DSC00704.JPG,553753.52815,2234,-96.7,3.7,0
DSC00705.JPG,553755.463624,2234,-98.3,1.3,-1.3
DSC00706.JPG,553757.399059,2234,-95.4,-0.1,0
DSC00707.JPG,553758.566703,2234,-97.2,1.1,0.2
DSC00708.JPG,553760.401645,2234,-93.9,0.4,0.5
DSC00709.JPG,553762.203954,2234,-96.8,0.4,-0.5
DSC00710.JPG,553763.97216,2234,-98.9,0.6,0.2
DSC00711.JPG,553765.70706,2234,-100,1.5,0.8
DSC00712.JPG,553767.442283,2234,-97.5,2.3,1.7
DSC00713.JPG,553769.177098,2234,-96.9,3.6,-0.5
DSC00714.JPG,553770.979088,2234,-95.1,3.7,1
DSC00715.JPG,553772.814884,2234,-94.9,3.8,-0.6
DSC00716.JPG,553774.64931,2234,-92.1,4.5,0
DSC00717.JPG,553775.917332,2234,-94.5,6.3,-2.3
DSC00718.JPG,553777.91945,2234,-97.7,4.8,1.4
DSC00719.JPG,553779.888007,2234,-94.3,4.7,0.8
DSC00720.JPG,553781.856515,2234,-93.2,3.8,-2.9
DSC00721.JPG,553783.825317,2234,-94.5,2.9,-1.9
DSC00722.JPG,553785.793898,2234,-94.2,1.2,1.7
DSC00723.JPG,553787.72944,2234,-94.5,0.6,-0.6
DSC00724.JPG,553789.631327,2234,-96.6,0.8,-0.3
DSC00725.JPG,553791.499658,2234,-92.6,0.8,-0.1
DSC00726.JPG,553793.334614,2234,-98.3,1.4,2.2
DSC00727.JPG,553794.068994,2234,-95.7,-0.1,0.1
DSC00728.JPG,553795.903911,2234,-96.4,0.9,-1.1
DSC00729.JPG,553797.77264,2234,-92.3,-0.4,5.5
DSC00730.JPG,553799.641468,2234,-89.9,0.8,-0.9
DSC00731.JPG,553801.476347,2234,-88.7,1.3,2.8
DSC00732.JPG,553803.311653,2234,-88.7,1.6,-2.8
DSC00733.JPG,553805.079945,2234,-97.4,2.2,-4.3
DSC00734.JPG,553806.848298,2234,-92.6,3,0.7
DSC00735.JPG,553808.583444,2234,-94.8,4.7,-0.3
DSC00736.JPG,553810.351897,2234,-94.1,4.2,2.6
DSC00737.JPG,553812.153568,2234,-94,5.7,-1.5
DSC00738.JPG,553813.988445,2234,-96.7,4.2,-0.6
DSC00739.JPG,553815.890894,2234,-97.4,5.1,-2
DSC00740.JPG,553826.851957,2234,59.6,6.2,5.5
DSC00741.JPG,553828.436765,2234,71.6,6.8,17.1
DSC00742.JPG,553829.971521,2234,84.3,5.1,7.9
DSC00743.JPG,553831.439526,2234,89.2,6.7,2.7
DSC00744.JPG,553832.941248,2234,84.9,6,-7.1
DSC00745.JPG,553834.442748,2234,81.5,6.1,-6.5
DSC00746.JPG,553835.977348,2234,75.3,5.8,-4.5
DSC00747.JPG,553837.578721,2234,75.1,4.2,0
DSC00748.JPG,553839.180962,2234,71.3,4.4,0.8
DSC00749.JPG,553840.782656,2234,76.4,4.9,3.5
DSC00750.JPG,553842.417231,2234,73.9,2.4,-2.4
DSC00751.JPG,553843.184753,2234,74.8,1.3,0.7
DSC00752.JPG,553844.686177,2234,75.4,1,0.2
DSC00753.JPG,553846.187754,2234,76.4,2.7,-1.5
DSC00754.JPG,553847.622443,2234,83.2,2.4,2.9
DSC00755.JPG,553849.058344,2234,82.1,4.6,1.3
DSC00756.JPG,553850.458572,2234,76.9,6.3,-5.8
DSC00757.JPG,553851.894614,2234,79.4,6.7,-0.1
DSC00758.JPG,553853.328285,2234,78.4,7.1,1.5
DSC00759.JPG,553854.796082,2234,80.3,8.3,3.1
DSC00760.JPG,553856.297726,2234,79.5,6.5,-2.6
DSC00761.JPG,553857.765849,2234,78.3,7.4,-1.9
DSC00762.JPG,553859.334097,2234,80.6,7.9,0.1
DSC00763.JPG,553860.90264,2234,80.5,7.7,-1.6
DSC00764.JPG,553862.437434,2234,81.4,6.5,-4.9
DSC00765.JPG,553863.972219,2234,80,5,3.5
DSC00766.JPG,553865.540718,2234,81.7,3.7,4.5
DSC00767.JPG,553867.108241,2234,85.2,2.8,1.2
DSC00768.JPG,553868.710217,2234,85.1,4.7,-0.7
DSC00769.JPG,553870.312397,2234,84.3,6.2,-4
DSC00770.JPG,553871.847989,2234,84.9,5.5,-1.1
DSC00771.JPG,553872.613961,2234,81.8,4.6,-1.9
DSC00772.JPG,553874.148665,2234,82.2,4.2,-1.9
DSC00773.JPG,553875.683895,2234,80.9,5.1,1.5
DSC00774.JPG,553877.218692,2234,81.2,4.1,0
DSC00775.JPG,553878.753632,2234,85.4,4.4,1.5
DSC00776.JPG,553880.288135,2234,77.2,6.7,0.4
DSC00777.JPG,553881.890441,2234,89.8,3.5,-0.2
DSC00778.JPG,553883.525555,2234,76.5,-1.2,-1.3
DSC00779.JPG,553885.160125,2234,77.7,-2.3,0.4
DSC00780.JPG,553886.794601,2234,76.1,-2.3,1.9
DSC00781.JPG,553887.629201,2234,76.1,-3,6.4
DSC00782.JPG,553889.230836,2234,78.9,-2.8,-0.8
DSC00783.JPG,553890.766242,2234,79.2,-0.9,0.6
DSC00784.JPG,553892.300923,2234,77.4,-1.7,-1.6
DSC00785.JPG,553893.802085,2234,79.9,-2.1,6.4
DSC00786.JPG,553895.303633,2234,83.7,-2.3,5.2
DSC00787.JPG,553896.805081,2234,85.6,-1.2,2.2
DSC00788.JPG,553898.273124,2234,84.8,-0.5,-3.2
DSC00789.JPG,553899.741509,2234,82.3,0.6,-0.1
DSC00790.JPG,553901.176088,2234,82.8,0.5,1.4
DSC00791.JPG,553902.17681,2234,84.8,1.9,0.4
DSC00792.JPG,553903.57842,2234,85.4,2.6,-1.1
DSC00793.JPG,553904.98045,2234,85.2,4.4,-2.1
DSC00794.JPG,553906.347649,2234,85,5.7,-0.9
DSC00795.JPG,553907.782736,2234,86,4.8,-0.5
DSC00796.JPG,553909.183944,2234,85.7,6.3,-1
DSC00797.JPG,553910.585325,2234,82.9,7,-1.9
DSC00798.JPG,553912.019822,2234,86.2,7.3,-0.6
DSC00799.JPG,553913.488019,2234,85.3,7.1,-0.6
DSC00800.JPG,553914.923,2234,87,7.6,-0.7
DSC00801.JPG,553916.391109,2234,88,7.8,-1.9
DSC00802.JPG,553917.159268,2234,85.8,8.8,-0.1
DSC00803.JPG,553918.693589,2234,85.6,5.3,0
DSC00804.JPG,553920.228648,2234,83.1,3.7,-1.5
DSC00805.JPG,553921.696629,2234,78.1,3.8,-3.8
DSC00806.JPG,553923.164656,2234,78.8,0.7,1.5
DSC00807.JPG,553924.632926,2234,78.5,0.3,2.6
DSC00808.JPG,553926.100874,2234,78.5,-0.3,1.1
DSC00809.JPG,553927.569091,2234,80.8,-1.7,3.4
DSC00810.JPG,553929.071091,2234,81.7,0.3,0.9
DSC00811.JPG,553930.471974,2234,82.2,0.7,-1.2
DSC00812.JPG,553931.239961,2234,80.8,0.7,-2.5
DSC00813.JPG,553932.673932,2234,79.2,0.9,0
DSC00814.JPG,553934.108623,2234,78.1,1.3,-2.1
DSC00815.JPG,553935.544192,2234,79,1.1,1.6
DSC00816.JPG,553936.945197,2234,80.7,1.1,1.2
DSC00817.JPG,553938.380197,2234,79.8,1.2,0.5
DSC00818.JPG,553939.781494,2234,80.1,2.5,-0.2
DSC00819.JPG,553941.216135,2234,80.6,1.1,1.9
DSC00820.JPG,553942.651016,2234,77.8,0.9,-3.8
DSC00821.JPG,553944.119345,2234,74.8,-0.2,-0.8
DSC00822.JPG,553944.852956,2234,77.6,-0.3,2.7
DSC00823.JPG,553946.354428,2234,75.1,0,0.4
DSC00824.JPG,553947.822987,2234,78.8,0.5,3.9
DSC00825.JPG,553949.325386,2234,81.1,0.1,1.3
DSC00826.JPG,553950.792434,2234,78.1,0.4,-1.2
DSC00827.JPG,553952.293827,2234,76.6,0.2,-1.8
DSC00828.JPG,553953.795166,2234,78.4,0.2,-1.1
DSC00829.JPG,553955.296766,2234,78,1.1,-0.3
DSC00830.JPG,553956.764799,2234,80,2.9,3.2
DSC00831.JPG,553958.266455,2234,85.5,2.6,1.8
DSC00832.JPG,553959.734477,2234,87.1,3.1,0.6
DSC00833.JPG,553961.1691,2234,79.5,5.1,-3.4
DSC00834.JPG,553971.997224,2234,-99.9,4.4,-3.6
DSC00835.JPG,553973.916085,2234,-96.9,3.9,3.5
DSC00836.JPG,553975.784077,2234,-90.8,1.7,3.5
DSC00837.JPG,553977.652692,2234,-90.8,3.3,-3.4
DSC00838.JPG,553979.487837,2234,-92.2,3.6,-0.9
DSC00839.JPG,553981.28966,2234,-95.4,4.3,-2
DSC00840.JPG,553983.124587,2234,-97.3,3.2,-2.4
DSC00841.JPG,553984.993405,2234,-100,2.2,0.4
DSC00842.JPG,553986.928432,2234,-100.6,2.1,5.1
DSC00843.JPG,553988.897286,2234,-98.9,0.2,0.4
DSC00844.JPG,553990.898948,2234,-97.7,0.2,-0.1
DSC00845.JPG,553991.666914,2234,-93,0.1,0.4
DSC00846.JPG,553993.568177,2234,-100.5,1.4,-3.6
DSC00847.JPG,553995.504172,2234,-99.7,2.3,2.5
DSC00848.JPG,553997.472508,2234,-98.8,1.7,-0.1
DSC00849.JPG,553999.507628,2234,-95.8,1.7,-1.6
DSC00850.JPG,554001.509964,2234,-97.4,3.2,-0.3
DSC00851.JPG,554003.545251,2234,-97.9,2.9,-1.7
DSC00852.JPG,554005.580532,2234,-96.6,2.7,-0.3
DSC00853.JPG,554007.615908,2234,-96.4,2.6,0.1
DSC00854.JPG,554009.617969,2234,-99.5,2.9,-0.8
DSC00855.JPG,554010.385655,2234,-100.1,2.3,-0.5
DSC00856.JPG,554012.353791,2234,-100.1,2.6,0.8
DSC00857.JPG,554014.355972,2234,-97.7,2.9,1.4
DSC00858.JPG,554016.357978,2234,-97.3,2.4,-3
DSC00859.JPG,554018.327174,2234,-100.7,4.6,0.9
DSC00860.JPG,554020.262008,2234,-95.8,3.7,-0.8
DSC00861.JPG,554022.197488,2234,-97.1,4.2,-4.2
DSC00862.JPG,554024.098904,2234,-97.5,5.2,-1.3
DSC00863.JPG,554026.034292,2234,-99.5,5.2,-3.4
DSC00864.JPG,554028.036145,2234,-98.8,3.7,1.8
DSC00865.JPG,554029.771514,2234,-94.1,2.6,0.6
DSC00866.JPG,554031.84052,2234,-92.8,2.1,-1.6
DSC00867.JPG,554033.841945,2234,-95.2,1,-0.9
DSC00868.JPG,554035.810799,2234,-95.3,1.7,-0.9
DSC00869.JPG,554037.779188,2234,-99.1,1.2,-1
DSC00870.JPG,554039.714677,2234,-96.3,2.3,1.4
DSC00871.JPG,554041.650054,2234,-100.3,1.5,-0.2
DSC00872.JPG,554043.518232,2234,-97.4,1.1,-4.3
DSC00873.JPG,554045.353833,2234,-95,0.7,-2.1
DSC00874.JPG,554047.155236,2234,-93.5,0.9,-2.3
DSC00875.JPG,554047.956422,2234,-98.7,0.3,-1.6
DSC00876.JPG,554049.691263,2234,-99.8,0.8,0.6
DSC00877.JPG,554051.426175,2234,-94,-0.2,1.4
DSC00878.JPG,554053.127987,2234,-94.8,0.7,-3.5
DSC00879.JPG,554054.830948,2234,-96.1,1,-0.7
DSC00880.JPG,554056.531595,2234,-98.3,-0.4,-2.2
DSC00881.JPG,554058.266637,2234,-103.4,0.8,-0.1
DSC00882.JPG,554060.068934,2234,-106.6,2,-1.2
DSC00883.JPG,554061.870196,2234,-102.7,2.9,6.2
DSC00884.JPG,554063.705345,2234,-99.2,3.6,-0.1
DSC00885.JPG,554064.873647,2234,-98.7,3,-2.1
DSC00886.JPG,554066.841796,2234,-99.6,-0.1,-1.3
DSC00887.JPG,554068.810501,2234,-99.8,-0.7,-0.7
DSC00888.JPG,554070.712317,2234,-95.6,-1,2.4
DSC00889.JPG,554072.581132,2234,-93.9,-1.7,0.3
DSC00890.JPG,554074.4161,2234,-95.2,-1,-0.8
DSC00891.JPG,554076.218397,2234,-96,-0.3,-0.2
DSC00892.JPG,554077.952993,2234,-100.2,0,-2.4
DSC00893.JPG,554079.722067,2234,-96.9,1.7,3.9
DSC00894.JPG,554081.489583,2234,-94.5,0.7,0.2
DSC00895.JPG,554082.557975,2234,-94.7,1,0.1
DSC00896.JPG,554084.226494,2234,-86.8,1.3,-0.4
DSC00897.JPG,554085.86054,2234,-96.1,0.9,-8.1
DSC00898.JPG,554087.49572,2234,-95.3,2,0.5
DSC00899.JPG,554089.163981,2234,-96.2,2.2,3.4
DSC00900.JPG,554090.865747,2234,-94.7,1.1,1.2
DSC00901.JPG,554092.567523,2234,-91.7,2.6,3.5
DSC00902.JPG,554094.235818,2234,-91,5.9,-5.4
DSC00903.JPG,554095.904258,2234,-91.6,6,-2.2
DSC00904.JPG,554097.605824,2234,-94.7,7.6,0.6
DSC00905.JPG,554099.341083,2234,-89.7,5.4,-3.1
DSC00906.JPG,554100.10854,2234,-90.5,5.4,4.8
DSC00907.JPG,554102.04369,2234,-91.4,4.2,-3.5
DSC00908.JPG,554104.045833,2234,-97.6,-0.8,-2.6
DSC00909.JPG,554105.981626,2234,-97.1,-4.2,-1.3
DSC00910.JPG,554107.749428,2234,-100.5,-4.6,2.4
DSC00911.JPG,554109.551109,2234,-99.9,-6.8,2.4
DSC00912.JPG,554111.319657,2234,-100.6,-8.3,4.9
DSC00913.JPG,554113.021464,2234,-103.1,-8.5,-0.4
DSC00914.JPG,554114.69088,2234,-102.5,-8.6,0.2
DSC00915.JPG,554115.790821,2234,-104.6,-7.4,0.5
DSC00916.JPG,554117.359501,2234,-103.7,-7.9,0.4
DSC00917.JPG,554118.92771,2234,-101.1,-5.8,1.6
DSC00918.JPG,554120.462263,2234,-105,-4.6,1.5
DSC00919.JPG,554122.063701,2234,-100.1,-5.5,5.9
DSC00920.JPG,554123.665431,2234,-97.4,-4.5,0.9
DSC00921.JPG,554125.233683,2234,-95,-2.4,0.3
DSC00922.JPG,554126.836526,2234,-92.6,-0.2,-0.5
DSC00923.JPG,554128.470527,2234,-93.4,-0.5,1.6
DSC00924.JPG,554130.239098,2234,-93.1,-1,2.1
DSC00925.JPG,554132.040307,2234,-89.6,-1.9,1.1
DSC00926.JPG,554144.30328,2234,48.2,4.6,8.9
DSC00927.JPG,554145.922122,2234,64.9,5.6,22.8
DSC00928.JPG,554147.556225,2234,77.9,1.6,4.5
DSC00929.JPG,554149.157674,2234,85.3,2.2,2.9
DSC00930.JPG,554150.760761,2234,83.9,1.5,-6.5
DSC00931.JPG,554152.361119,2234,83,1.8,-4
DSC00932.JPG,554153.995972,2234,76.3,2.8,-2.9
DSC00933.JPG,554155.564537,2234,78.8,2.9,-0.9
DSC00934.JPG,554157.132502,2234,74.7,5.6,0.4
DSC00935.JPG,554158.700525,2234,81.6,6.8,3.7
DSC00936.JPG,554160.336669,2234,82.1,5.4,2.2
DSC00937.JPG,554161.069271,2234,83.3,7.1,2.1
DSC00938.JPG,554162.604396,2234,68.9,1,-4
DSC00939.JPG,554164.005686,2234,68.4,4,1.9
DSC00940.JPG,554165.374057,2234,65.1,7,6.6
DSC00941.JPG,554166.775254,2234,70,5.1,8.3
DSC00942.JPG,554168.17655,2234,74.4,8.1,1.4
DSC00943.JPG,554169.644816,2234,78.2,2.1,1.3
DSC00944.JPG,554171.079449,2234,75.8,3.7,-4.9
DSC00945.JPG,554172.480963,2234,70.3,3.1,-6.1
DSC00946.JPG,554173.983528,2234,68.5,2.9,0.9
DSC00947.JPG,554175.48447,2234,75.9,0.2,7.3
DSC00948.JPG,554176.218205,2234,74.3,5.3,4.2
DSC00949.JPG,554177.819386,2234,79.2,5.8,0.6
DSC00950.JPG,554179.521283,2234,80.3,3.2,-1.7
DSC00951.JPG,554181.223233,2234,78.8,1.7,-2.1
DSC00952.JPG,554182.891438,2234,78.6,1,0.1
DSC00953.JPG,554184.526223,2234,77.5,1.2,-2.2
DSC00954.JPG,554186.094232,2234,76,1.4,0.8
DSC00955.JPG,554187.696538,2234,76.4,2.8,0.3
DSC00956.JPG,554189.297524,2234,74.4,2.1,-1.8
DSC00957.JPG,554190.899045,2234,76.4,2.3,-1.7
DSC00958.JPG,554191.667101,2234,75.7,2.6,1.3
DSC00959.JPG,554193.335157,2234,80.8,0.5,-0.8
DSC00960.JPG,554195.036709,2234,76.2,-0.3,-2.4
DSC00961.JPG,554196.671776,2234,73.7,-0.6,-1.3
DSC00962.JPG,554198.306753,2234,71.3,-0.8,1.1
DSC00963.JPG,554199.943272,2234,73.8,-1.6,2.6
DSC00964.JPG,554201.544513,2234,74.2,-2.1,1.1
DSC00965.JPG,554203.14646,2234,73.1,-2.5,0
DSC00966.JPG,554204.714907,2234,70.3,-0.7,-2.8
DSC00967.JPG,554206.281876,2234,69.6,-2,4.1
DSC00968.JPG,554207.015252,2234,72,-2.8,2
DSC00969.JPG,554208.650389,2234,71,-2.2,4
DSC00970.JPG,554210.318555,2234,72.2,-3.8,-1.8
DSC00971.JPG,554211.920311,2234,75.3,-4.7,2
DSC00972.JPG,554213.488266,2234,74.3,-3.6,-1
DSC00973.JPG,554215.056821,2234,79,-3.8,2.2
DSC00974.JPG,554216.625728,2234,77.7,-2,0.4
DSC00975.JPG,554218.193399,2234,73.1,-4.3,1.1
DSC00976.JPG,554219.761724,2234,79.5,-5.1,4.2
DSC00977.JPG,554221.296315,2234,74.9,-5.1,-1.9
DSC00978.JPG,554222.064404,2234,75.7,-5.4,1.8
DSC00979.JPG,554223.431824,2234,74.1,-4.7,2
DSC00980.JPG,554224.800057,2234,78.8,-3.6,-0.2
DSC00981.JPG,554226.202594,2234,74.9,-0.6,-2.1
DSC00982.JPG,554227.636053,2234,76.3,-0.8,2.1
DSC00983.JPG,554229.104331,2234,80,0.7,2
DSC00984.JPG,554230.639086,2234,81.3,2.4,1.7
DSC00985.JPG,554232.242059,2234,74.8,1.7,-0.9
DSC00986.JPG,554233.909169,2234,73.4,0.7,0.9
DSC00987.JPG,554235.610612,2234,72.4,1.4,-0.1
DSC00988.JPG,554236.878485,2234,73.6,1.7,3.1
DSC00989.JPG,554238.647136,2234,75.4,0.6,3.7
DSC00990.JPG,554240.382265,2234,75.9,0.2,3.8
DSC00991.JPG,554242.083966,2234,69.8,-1.8,-2.9
DSC00992.JPG,554243.752497,2234,68.5,-2.3,-1.7
DSC00993.JPG,554245.455175,2234,68,-3,5.3
DSC00994.JPG,554247.088733,2234,70,-3.8,2.8
DSC00995.JPG,554248.723963,2234,76.8,-4.7,3.4
DSC00996.JPG,554250.358666,2234,77.3,-2.9,1.1
DSC00997.JPG,554251.961702,2234,80.6,-1.5,-0.4
DSC00998.JPG,554252.694608,2234,81.2,-1.7,-2.5
DSC00999.JPG,554254.295926,2234,76.2,-2.6,-1.3
DSC01000.JPG,554255.864753,2234,72.1,-3,1.2
DSC01001.JPG,554257.499412,2234,73.5,-3.8,3.5
DSC01002.JPG,554259.167758,2234,73,-5.2,0.3
DSC01003.JPG,554260.803,2234,72.5,-6.8,5
DSC01004.JPG,554262.40554,2234,77.7,-5.6,2.9
DSC01005.JPG,554263.905525,2234,72.7,-4.8,0.5
DSC01006.JPG,554265.40706,2234,81.8,-5.6,2.2
DSC01007.JPG,554266.908394,2234,78,-1.5,-0.6
DSC01008.JPG,554267.642853,2234,78.1,-0.7,-2.7
DSC01009.JPG,554269.211385,2234,76.7,0,6.5
DSC01010.JPG,554270.779064,2234,80.3,1.3,-1.4
DSC01011.JPG,554272.347379,2234,83,0.6,6.1
DSC01012.JPG,554273.915574,2234,85.2,2.5,-0.4
DSC01013.JPG,554275.450569,2234,81.9,1.8,-6.1
DSC01014.JPG,554276.952296,2234,81.4,3.3,-2.1
DSC01015.JPG,554278.453743,2234,80.6,3.6,-1.5
DSC01016.JPG,554279.922059,2234,79.9,4.3,-0.8
DSC01017.JPG,554281.423338,2234,80.3,2.8,1.4
DSC01018.JPG,554282.8915,2234,82.7,5.8,2
DSC01019.JPG,554294.553419,2234,-96,2.5,-4.4
DSC01020.JPG,554296.338108,2234,-98.8,2.4,1.5
DSC01021.JPG,554298.139887,2234,-97.4,1.9,5.1
DSC01022.JPG,554300.008623,2234,-93.8,0.2,0.9
DSC01023.JPG,554301.843935,2234,-89.8,1.8,4.6
DSC01024.JPG,554303.712191,2234,-95.2,1,2
DSC01025.JPG,554305.51414,2234,-95,0.8,-4.3
DSC01026.JPG,554307.31572,2234,-107.9,0.2,-5.4
DSC01027.JPG,554309.151326,2234,-99.5,-3.3,5.2
DSC01028.JPG,554310.952851,2234,-97.4,-3.4,2.7
DSC01029.JPG,554312.72122,2234,-97.2,-3.1,1
DSC01030.JPG,554313.455368,2234,-95.8,-3.1,2.6
DSC01031.JPG,554315.156929,2234,-92.8,-2.6,0.7
DSC01032.JPG,554316.825441,2234,-92.1,-2.3,-0.8
DSC01033.JPG,554318.52749,2234,-96.4,-2.4,-1.8
DSC01034.JPG,554320.195234,2234,-99.6,-2.1,1.1
DSC01035.JPG,554321.863802,2234,-97.8,-3.3,2.3
DSC01036.JPG,554323.498951,2234,-97.2,-3.8,2.6
DSC01037.JPG,554325.133968,2234,-91.5,-4.4,0.7
DSC01038.JPG,554326.737041,2234,-94.2,-3.5,-2.2
DSC01039.JPG,554328.27045,2234,-99.1,-3,-1
DSC01040.JPG,554329.038743,2234,-99,-3.2,2.9
DSC01041.JPG,554330.505494,2234,-102.8,-2,-4
DSC01042.JPG,554332.040637,2234,-97.3,-1.8,3.7
DSC01043.JPG,554333.575454,2234,-93.5,-1.3,4.8
DSC01044.JPG,554335.176865,2234,-92.3,0.6,1
DSC01045.JPG,554336.845951,2234,-94.7,2.3,-0.6
DSC01046.JPG,554338.514093,2234,-92.7,3.1,-1.5
DSC01047.JPG,554340.282338,2234,-92.2,4.3,-2.1
DSC01048.JPG,554342.050734,2234,-92,4.6,-0.7
DSC01049.JPG,554343.919068,2234,-90.4,3,-1.4
DSC01050.JPG,554345.587623,2234,-91.8,6.6,-1.5
DSC01051.JPG,554347.489461,2234,-92.3,4.8,-1.4
DSC01052.JPG,554349.424743,2234,-94.1,4.9,-0.4
DSC01053.JPG,554351.393493,2234,-97,2.5,-1.6
DSC01054.JPG,554353.328624,2234,-94,3,-4.8
DSC01055.JPG,554355.163836,2234,-96.4,3.3,2.7
DSC01056.JPG,554356.965618,2234,-98.2,3.6,1.6
DSC01057.JPG,554358.801159,2234,-94.1,2.7,0.8
DSC01058.JPG,554360.569584,2234,-97.9,2.7,-0.6
DSC01059.JPG,554362.33757,2234,-101.6,3.4,-3.1
DSC01060.JPG,554363.338576,2234,-99.9,1.9,-2
DSC01061.JPG,554365.206909,2234,-90.6,0.4,2
DSC01062.JPG,554367.009574,2234,-94.3,2.9,-3.5
DSC01063.JPG,554368.810824,2234,-94.2,2.4,0.8
DSC01064.JPG,554370.680519,2234,-91.7,-0.3,-0.5
DSC01065.JPG,554372.514305,2234,-94.8,-0.1,-3.4
DSC01066.JPG,554374.416339,2234,-93,-0.8,1.2
DSC01067.JPG,554376.285244,2234,-92.1,0.2,3.6
DSC01068.JPG,554378.086708,2234,-91.3,-0.3,-1.2
DSC01069.JPG,554379.855185,2234,-96.2,-1.7,0.6
DSC01070.JPG,554380.823033,2234,-96,-3.3,-3.8
DSC01071.JPG,554382.49098,2234,-97.9,-1.8,3.2
DSC01072.JPG,554384.159694,2234,-97.1,-1.1,-0.2
DSC01073.JPG,554385.794039,2234,-99.1,1.8,-0.3
DSC01074.JPG,554387.562633,2234,-98.3,0.7,-2.9
DSC01075.JPG,554389.364786,2234,-103.2,2.1,-0.3
DSC01076.JPG,554391.166255,2234,-101,3.8,2.7
DSC01077.JPG,554392.90133,2234,-96.2,5.2,-3.5
DSC01078.JPG,554394.669734,2234,-95.5,7.3,0.5
DSC01079.JPG,554396.572074,2234,-98.1,5.7,-2.3
DSC01080.JPG,554398.373771,2234,-98,6.1,-0.5
DSC01081.JPG,554400.4091,2234,-95.9,5,-1
DSC01082.JPG,554402.4456,2234,-96.2,5.6,-2.4
DSC01083.JPG,554404.446434,2234,-98.3,4.2,-0.8
DSC01084.JPG,554406.548649,2234,-100.4,2.3,2.5
DSC01085.JPG,554408.584077,2234,-98.4,3.3,1.8
DSC01086.JPG,554410.552576,2234,-97,4.9,0.2
DSC01087.JPG,554412.521247,2234,-98.4,4.8,-3.3
DSC01088.JPG,554414.557707,2234,-100,3.2,-1.4
DSC01089.JPG,554416.558581,2234,-99.3,3.7,2
DSC01090.JPG,554417.826472,2234,-97.5,2.9,0.7
DSC01091.JPG,554419.962338,2234,-100.3,2.4,-1.3
DSC01092.JPG,554422.064124,2234,-101,1.6,-0.4
DSC01093.JPG,554424.19965,2234,-101.9,1.4,-3.3
DSC01094.JPG,554426.30283,2234,-100.1,0.6,2.3
DSC01095.JPG,554428.337115,2234,-96.1,-0.2,3.6
DSC01096.JPG,554430.372599,2234,-96.6,-0.3,-1.3
DSC01097.JPG,554432.374693,2234,-96.5,-0.8,-2
DSC01098.JPG,554434.376405,2234,-97,0,-1.9
DSC01099.JPG,554436.378332,2234,-96.1,-0.1,1.3
DSC01100.JPG,554438.380359,2234,-100,0.1,2.3
DSC01101.JPG,554440.348773,2234,-97.6,1.8,-1
DSC01102.JPG,554442.317609,2234,-98.4,2.6,-0.3
DSC01103.JPG,554444.319748,2234,-100,2.4,-1.2
DSC01104.JPG,554446.321719,2234,-99.4,2.3,2.2
DSC01105.JPG,554448.39088,2234,-97.3,2.5,-1.5
DSC01106.JPG,554450.425727,2234,-102.5,2.5,0.9
DSC01107.JPG,554452.461084,2234,-93.3,3,0.8
DSC01108.JPG,554454.463092,2234,-98.3,3.5,-1.5
DSC01109.JPG,554456.432413,2234,-98.4,4.4,0.1
DSC01110.JPG,554467.192966,2234,66.4,5.4,8.5
DSC01111.JPG,554468.644034,2234,79.7,6,16.5
DSC01112.JPG,554470.078676,2234,88.3,5.6,8
DSC01113.JPG,554471.546532,2234,92.8,6.1,-1.7
DSC01114.JPG,554473.015072,2234,87.1,5.1,-7
DSC01115.JPG,554474.483078,2234,81.5,5.1,-8.6
DSC01116.JPG,554475.884483,2234,77,5.2,-3.5
DSC01117.JPG,554477.31917,2234,79.9,5.4,-0.4
DSC01118.JPG,554478.72042,2234,78.8,6.3,0.9
DSC01119.JPG,554480.121984,2234,83.5,4.6,1.3
DSC01120.JPG,554481.590737,2234,83.1,5.4,0.6
DSC01121.JPG,554482.324447,2234,82.3,5.2,-0.6
DSC01122.JPG,554483.82579,2234,82.5,2.9,-3.6
DSC01123.JPG,554485.394105,2234,77.4,1.4,1.4
DSC01124.JPG,554486.928685,2234,82.5,-0.4,2
DSC01125.JPG,554488.497386,2234,79.8,-1.7,-2.1
DSC01126.JPG,554489.998624,2234,77.7,-1,-1.1
DSC01127.JPG,554491.533618,2234,79.9,-1.3,-1.7
DSC01128.JPG,554493.035137,2234,81.3,-2.2,1
DSC01129.JPG,554494.503438,2234,77.6,-1.5,0.2
DSC01130.JPG,554495.937765,2234,77.3,-1,1.3
DSC01131.JPG,554496.706909,2234,78.5,-1.1,3
DSC01132.JPG,554498.073993,2234,79.5,-0.2,2.9
DSC01133.JPG,554499.441451,2234,78.7,1.2,-2
DSC01134.JPG,554500.842901,2234,80.1,1.2,0.3
DSC01135.JPG,554502.277543,2234,79.7,0.5,-1
DSC01136.JPG,554503.712486,2234,80.5,1.3,0.3
DSC01137.JPG,554505.147744,2234,80.3,1.5,0.4
DSC01138.JPG,554506.583491,2234,77.3,1.9,-1.8
DSC01139.JPG,554507.983405,2234,79.8,1.2,4.1
DSC01140.JPG,554509.419243,2234,80.2,2,0.9
DSC01141.JPG,554510.152218,2234,81,2.2,-0.8
DSC01142.JPG,554511.553794,2234,80.4,2.4,-0.6
DSC01143.JPG,554512.988729,2234,81.7,2.7,1.3
DSC01144.JPG,554514.35621,2234,79.7,4.3,-3.4
DSC01145.JPG,554515.79109,2234,80.6,3.3,1.8
DSC01146.JPG,554517.192568,2234,81.8,4,0.8
DSC01147.JPG,554518.628593,2234,81.4,4.3,-1.1
DSC01148.JPG,554520.028911,2234,81.5,3.8,0.4
DSC01149.JPG,554521.463869,2234,81.9,3.4,0.6
DSC01150.JPG,554522.933107,2234,80,4,0.8
DSC01151.JPG,554524.09955,2234,84,3.2,3
DSC01152.JPG,554525.534558,2234,83.2,4.2,-4.5
DSC01153.JPG,554526.935481,2234,80.7,4,-1.9
DSC01154.JPG,554528.33722,2234,84.1,3.7,1.2
DSC01155.JPG,554529.738067,2234,81.6,4.4,-0.9
DSC01156.JPG,554531.139818,2234,82.3,4.7,0.9
DSC01157.JPG,554532.507711,2234,83,3.2,-0.7
DSC01158.JPG,554533.842558,2234,85.1,5.4,0.4
DSC01159.JPG,554535.244342,2234,85.3,6.3,1.3
DSC01160.JPG,554536.64584,2234,78.2,4.7,-0.5
DSC01161.JPG,554537.713186,2234,80.7,3.6,0.2
DSC01162.JPG,554539.114498,2234,80.4,5.4,-0.6
DSC01163.JPG,554540.515967,2234,77.7,2.1,1
DSC01164.JPG,554541.884155,2234,76.6,5.9,-1.7
DSC01165.JPG,554543.285442,2234,77.9,3.8,-0.7
DSC01166.JPG,554544.720204,2234,79,4.6,-2.2
DSC01167.JPG,554546.154888,2234,77.5,2.4,-2.8
DSC01168.JPG,554547.623074,2234,76.8,3.1,-1.8
DSC01169.JPG,554549.091623,2234,79.6,0.9,1.9
DSC01170.JPG,554550.525739,2234,79.5,2.3,2.1
DSC01171.JPG,554551.493927,2234,77.6,2.2,-2.3
DSC01172.JPG,554552.961802,2234,74.4,3.2,-4.4
DSC01173.JPG,554554.496465,2234,71.9,0.6,3.3
DSC01174.JPG,554555.964789,2234,77.8,0.6,0.4
DSC01175.JPG,554557.432824,2234,76.6,0.6,0.9
DSC01176.JPG,554558.967782,2234,80.7,-1.5,0.8
DSC01177.JPG,554560.469177,2234,77,-0.7,0.1
DSC01178.JPG,554562.037978,2234,73.4,-2.2,-0.9
DSC01179.JPG,554563.572353,2234,71.2,-3.2,1.4
DSC01180.JPG,554565.141937,2234,71,-2.9,3.8
DSC01181.JPG,554565.87469,2234,74.7,-2.7,4
DSC01182.JPG,554567.375943,2234,75,-1.6,1.6
DSC01183.JPG,554568.911079,2234,78.8,-1.5,1.8
DSC01184.JPG,554570.446377,2234,79.1,-1,1.8
DSC01185.JPG,554571.947404,2234,79,0.3,1.6
DSC01186.JPG,554573.448698,2234,79.4,0.3,-0.7
DSC01187.JPG,554574.985322,2234,80.2,1.5,0.1
DSC01188.JPG,554576.485639,2234,76.8,2.3,-1.8
DSC01189.JPG,554578.021235,2234,80.5,2.7,2.1
DSC01190.JPG,554579.588682,2234,77.4,1.7,-1.1
DSC01191.JPG,554581.123361,2234,77.6,3.7,3.4
DSC01192.JPG,554582.691804,2234,77.8,3.3,0.2
DSC01193.JPG,554584.226725,2234,79.8,4.3,0.4
DSC01194.JPG,554585.694538,2234,80.8,7.2,-3.6
DSC01195.JPG,554587.229626,2234,74.5,7.1,-4.8
DSC01196.JPG,554588.764262,2234,75.3,6.7,0.8
DSC01197.JPG,554590.365707,2234,76.8,3.2,-0.8
DSC01198.JPG,554591.967392,2234,79,4,2
DSC01199.JPG,554593.602494,2234,78.3,2.8,-1.1
DSC01200.JPG,554605.264667,2234,-91.6,3,-8
DSC01201.JPG,554607.182995,2234,-94.4,2.9,0.2
DSC01202.JPG,554609.052384,2234,-92.6,3.6,-0.3
DSC01203.JPG,554610.953271,2234,-93.5,2.1,-0.7
DSC01204.JPG,554612.888787,2234,-95.4,2.7,-3.9
DSC01205.JPG,554614.756723,2234,-99.9,3.4,1.7
DSC01206.JPG,554616.658718,2234,-95.8,3.3,0.4
DSC01207.JPG,554618.627444,2234,-95.9,2.6,1.8
DSC01208.JPG,554620.562746,2234,-95,2.5,-1.6
DSC01209.JPG,554622.431313,2234,-100.6,4.8,-2.6
DSC01210.JPG,554624.399801,2234,-95.8,1.8,1.9
DSC01211.JPG,554625.133942,2234,-96.4,0.8,3.5
DSC01212.JPG,554627.102707,2234,-90.5,0.7,-2.7
DSC01213.JPG,554629.004576,2234,-94.8,0.1,0.9
DSC01214.JPG,554630.839995,2234,-95.6,2.2,-3.4
DSC01215.JPG,554632.574807,2234,-96.5,2.3,-0.8
DSC01216.JPG,554634.343099,2234,-97.8,4.6,-3.1
DSC01217.JPG,554636.178117,2234,-97.2,2.2,-1.2
DSC01218.JPG,554638.046979,2234,-97,1.9,4.4
DSC01219.JPG,554640.015567,2234,-98,0.3,-3.7
DSC01220.JPG,554641.984619,2234,-96.5,-1.2,2.6
DSC01221.JPG,554642.752087,2234,-94.1,-1,0.8
DSC01222.JPG,554644.586346,2234,-94,-0.6,-4.4
DSC01223.JPG,554646.388376,2234,-96.2,1.1,1.7
DSC01224.JPG,554648.223754,2234,-98.4,1.4,0.7
DSC01225.JPG,554650.159051,2234,-97.6,2.1,0.4
DSC01226.JPG,554652.12754,2234,-97.7,2.2,-0.8
DSC01227.JPG,554654.19635,2234,-99.9,2.1,-1.1
DSC01228.JPG,554656.265113,2234,-99.5,2.4,-0.6
DSC01229.JPG,554658.367035,2234,-101.4,3,-2
DSC01230.JPG,554660.536086,2234,-98.3,2.9,0.3
DSC01231.JPG,554662.371249,2234,-96.3,2.3,-0.4
DSC01232.JPG,554664.606817,2234,-98.9,3.7,-0.7
DSC01233.JPG,554666.875817,2234,-100.1,2,-1.6
DSC01234.JPG,554669.111835,2234,-97,2.2,-2.3
DSC01235.JPG,554671.28013,2234,-99.7,1.7,-0.5
DSC01236.JPG,554673.448772,2234,-100.5,1.8,-0.6
DSC01237.JPG,554675.584451,2234,-100.4,2.4,0
DSC01238.JPG,554677.753188,2234,-96.8,2.3,1.8
DSC01239.JPG,554679.888729,2234,-99.1,2.2,-2.7
DSC01240.JPG,554681.957463,2234,-98.4,2,-0.4
DSC01241.JPG,554683.225323,2234,-99.8,3.5,-1.3
DSC01242.JPG,554685.294244,2234,-96.3,3,-0.3
DSC01243.JPG,554687.362894,2234,-99.8,3.1,-1.8
DSC01244.JPG,554689.431476,2234,-101.7,2.9,1
DSC01245.JPG,554691.466851,2234,-97.9,4,1.4
DSC01246.JPG,554693.502415,2234,-99.4,3,2.3
DSC01247.JPG,554695.504643,2234,-97.7,1.8,-3.4
DSC01248.JPG,554697.473054,2234,-99.6,-0.8,-1.2
DSC01249.JPG,554699.408065,2234,-103.6,-2.5,-1.2
DSC01250.JPG,554701.276789,2234,-104.3,-4.2,4.3
DSC01251.JPG,554702.278036,2234,-102.3,-4.2,1.8
DSC01252.JPG,554704.046151,2234,-103.7,-2.5,1.1
DSC01253.JPG,554705.781366,2234,-92.3,-0.8,5.2
DSC01254.JPG,554707.649695,2234,-99,-0.8,-0.6
DSC01255.JPG,554709.518314,2234,-98,1,-0.6
DSC01256.JPG,554711.419919,2234,-97,1.9,-1.1
DSC01257.JPG,554713.322288,2234,-97,2.2,-0.3
DSC01258.JPG,554715.324221,2234,-97.1,2,2.9
DSC01259.JPG,554717.292862,2234,-97.4,4.2,0.6
DSC01260.JPG,554719.328143,2234,-97.4,4.1,-1.3
DSC01261.JPG,554720.829505,2234,-98.3,5.7,-1.7
DSC01262.JPG,554722.865068,2234,-96.6,5.8,-0.3
DSC01263.JPG,554724.867108,2234,-93.6,9.3,-1
DSC01264.JPG,554726.969126,2234,-97.7,7.4,0.3
DSC01265.JPG,554729.071427,2234,-97.5,7.8,-4
DSC01266.JPG,554731.106568,2234,-98,7.1,-2.7
DSC01267.JPG,554733.075815,2234,-98.9,5.8,1.4
DSC01268.JPG,554735.044028,2234,-100.4,5,-0.3
DSC01269.JPG,554737.180005,2234,-98.8,2.9,-0.6
DSC01270.JPG,554739.214772,2234,-96.5,3.5,-0.9
DSC01271.JPG,554740.783251,2234,-97.5,3,-1.1
DSC01272.JPG,554742.785612,2234,-96.7,2.1,-1.6
DSC01273.JPG,554744.720738,2234,-99.5,1.9,-2.3
DSC01274.JPG,554746.655518,2234,-96.2,1.8,2.5
DSC01275.JPG,554748.62458,2234,-98.2,0.9,-0.8
DSC01276.JPG,554750.525911,2234,-94.3,0.9,-2.2
DSC01277.JPG,554752.428011,2234,-99.6,1.6,5.9
DSC01278.JPG,554754.296548,2234,-92.5,-0.5,-4.5
DSC01279.JPG,554756.165655,2234,-96.7,-2.5,-1.2
DSC01280.JPG,554757.96692,2234,-96,-2.9,-1.8
DSC01281.JPG,554759.802226,2234,-101.6,-3.5,-0.2
DSC01282.JPG,554761.671132,2234,-97.1,-5,7
DSC01283.JPG,554763.439051,2234,-93.3,-3.4,1.4
DSC01284.JPG,554765.207326,2234,-92.8,-1.8,1.1
DSC01285.JPG,554766.942609,2234,-96.8,-0.9,-1.8
DSC01286.JPG,554768.677591,2234,-99,0.3,1
DSC01287.JPG,554770.412565,2234,-92.7,1.4,3
DSC01288.JPG,554772.214555,2234,-94.3,0.8,-2.9
DSC01289.JPG,554784.577409,2234,58,5.9,3.6
DSC01290.JPG,554786.1619,2234,71.3,5.7,17.2
DSC01291.JPG,554787.730024,2234,85.9,5.2,10.8
DSC01292.JPG,554789.332792,2234,91.2,4.7,2
DSC01293.JPG,554790.899642,2234,88.5,4.7,-7.1
DSC01294.JPG,554792.46833,2234,77.3,3.9,-8.7
DSC01295.JPG,554794.069715,2234,72,3.2,0
DSC01296.JPG,554795.706162,2234,69,3.4,-0.7
DSC01297.JPG,554797.306322,2234,72.5,2.7,3
DSC01298.JPG,554798.941547,2234,79.6,2.5,4.7
DSC01299.JPG,554800.509731,2234,79.8,2.7,-4.8
DSC01300.JPG,554801.243517,2234,76.6,3.5,-1.6
DSC01301.JPG,554802.845112,2234,76.9,0.7,-1.6
DSC01302.JPG,554804.413392,2234,73.9,0.3,0.6
DSC01303.JPG,554805.914848,2234,76.6,2.2,-0.3
DSC01304.JPG,554807.415953,2234,77,2.1,-2
DSC01305.JPG,554808.917574,2234,77,2,-0.5
DSC01306.JPG,554810.419328,2234,79.9,1.6,1.3
DSC01307.JPG,554811.920988,2234,81.5,0.5,2
DSC01308.JPG,554813.388919,2234,80.7,1.8,-0.5
DSC01309.JPG,554814.89007,2234,76.6,0.6,-4.6
DSC01310.JPG,554815.659031,2234,78.3,0.9,1.1
DSC01311.JPG,554817.125526,2234,80.1,1.3,5.1
DSC01312.JPG,554818.62723,2234,78.4,1.1,2.3
DSC01313.JPG,554820.128715,2234,78.9,1.2,-0.7
DSC01314.JPG,554821.59673,2234,80.4,1.9,0.6
DSC01315.JPG,554823.098406,2234,80.9,2.8,1.3
DSC01316.JPG,554824.634622,2234,79.3,0.3,-6.2
DSC01317.JPG,554826.134812,2234,79.8,0.9,3.1
DSC01318.JPG,554827.66975,2234,78,1.9,-3
DSC01319.JPG,554829.204726,2234,75.9,0.1,-3.2
DSC01320.JPG,554830.105899,2234,78.4,-0.2,2.1
DSC01321.JPG,554831.627509,2234,78.5,-1.3,1.4
DSC01322.JPG,554833.175716,2234,76.6,-0.8,-1.2
DSC01323.JPG,554834.710431,2234,76.5,-0.9,-1.4
DSC01324.JPG,554836.211861,2234,73.3,-0.5,-1.5
DSC01325.JPG,554837.746453,2234,79.1,-0.8,6.8
DSC01326.JPG,554839.281412,2234,78.9,0.5,-3.6
DSC01327.JPG,554840.782887,2234,79.2,1.5,-1.8
DSC01328.JPG,554842.28452,2234,80.1,2.9,2.3
DSC01329.JPG,554843.752489,2234,80.6,3.2,-0.7
DSC01330.JPG,554844.787357,2234,81,4.4,0.4
DSC01331.JPG,554846.255336,2234,79,3.5,-0.4
DSC01332.JPG,554847.723637,2234,78.2,5.3,-0.2
DSC01333.JPG,554849.15789,2234,85.9,6.8,1.9
DSC01334.JPG,554850.626302,2234,82.3,7.9,-3.3
DSC01335.JPG,554852.128061,2234,88.5,5.3,1.3
DSC01336.JPG,554853.629768,2234,83.1,5.4,-5.2
DSC01337.JPG,554855.130994,2234,82.7,4.4,-4.3
DSC01338.JPG,554856.667148,2234,77.3,4.2,-1.2
DSC01339.JPG,554858.235592,2234,76.1,2.9,1.2
DSC01340.JPG,554859.601917,2234,82.2,1.7,4.4
DSC01341.JPG,554861.237196,2234,84.5,1.3,-2
DSC01342.JPG,554862.839634,2234,83,0.3,0.7
DSC01343.JPG,554864.373478,2234,85.5,0.5,-2.4
DSC01344.JPG,554865.908252,2234,84.2,-0.7,1
DSC01345.JPG,554867.443006,2234,79.8,-1.8,2.9
DSC01346.JPG,554868.977858,2234,79.9,-2.6,-0.5
DSC01347.JPG,554870.479399,2234,82.8,-2.6,1.9
DSC01348.JPG,554871.981054,2234,80.6,-2,-1.6
DSC01349.JPG,554873.448908,2234,80.8,-2.1,1.9
DSC01350.JPG,554874.216405,2234,80.1,-1.4,2.5
DSC01351.JPG,554875.684588,2234,84.2,-0.5,1
DSC01352.JPG,554877.152778,2234,83.4,0.1,0.7
DSC01353.JPG,554878.621473,2234,83.8,0.7,1.2
DSC01354.JPG,554880.055567,2234,82.9,1.2,-1.2
DSC01355.JPG,554881.523753,2234,82.4,2.1,0.6
DSC01356.JPG,554882.99179,2234,84.4,2.2,-2.9
DSC01357.JPG,554884.426601,2234,84.1,2.9,-1.4
DSC01358.JPG,554885.828218,2234,84.2,5.6,-3
DSC01359.JPG,554887.262792,2234,87.7,2.2,1
DSC01360.JPG,554888.297686,2234,85.6,4.6,0.3
DSC01361.JPG,554889.698926,2234,82.1,4.3,0.3
DSC01362.JPG,554891.133531,2234,83.5,4.7,0.1
DSC01363.JPG,554892.53492,2234,82.9,4.2,-1.3
DSC01364.JPG,554893.969471,2234,84.4,4.7,0
DSC01365.JPG,554895.404453,2234,83,4.5,0
DSC01366.JPG,554896.872551,2234,82.9,3.1,0.2
DSC01367.JPG,554898.307257,2234,79.9,2.8,-1.6
DSC01368.JPG,554899.709106,2234,79,3.2,0.1
DSC01369.JPG,554901.07652,2234,79.1,5.3,-1
DSC01370.JPG,554902.444789,2234,79.7,4.1,0
DSC01371.JPG,554903.812652,2234,81.3,5.5,2.7
DSC01372.JPG,554905.180804,2234,83.7,5.4,-3.5
DSC01373.JPG,554906.515514,2234,83,3.3,-2.1
DSC01374.JPG,554907.88339,2234,81.2,5,-0.7
DSC01375.JPG,554909.285004,2234,86.6,3.8,0.4
DSC01376.JPG,554910.719772,2234,87.7,0.6,1.4
DSC01377.JPG,554912.121038,2234,79.5,1.7,-4.5
DSC01378.JPG,554925.317947,2234,-101,0.9,-0.8
DSC01379.JPG,554927.503625,2234,-99.7,0.6,3.4
DSC01380.JPG,554929.638753,2234,-97.1,1.7,-0.7
DSC01381.JPG,554931.940898,2234,-98.8,-1.1,-2.6
DSC01382.JPG,554934.209795,2234,-102.6,-0.3,0.1
DSC01383.JPG,554936.513304,2234,-101.1,0.4,-0.7
DSC01384.JPG,554938.747609,2234,-102.4,1.4,2.5
DSC01385.JPG,554940.983309,2234,-99,3,-1
DSC01386.JPG,554943.218865,2234,-98.5,5.2,1
DSC01387.JPG,554945.421012,2234,-97.3,6.5,0
DSC01388.JPG,554947.623393,2234,-98.5,8,-3.5
DSC01389.JPG,554948.390923,2234,-99.3,8,-1.3
DSC01390.JPG,554950.659745,2234,-98.1,7.1,0.2
DSC01391.JPG,554952.895229,2234,-98.5,10,-2
DSC01392.JPG,554955.097438,2234,-100,7.7,-3.5
DSC01393.JPG,554957.23289,2234,-94.9,8.2,-0.5
DSC01394.JPG,554959.301649,2234,-95.5,7.8,-2.8
DSC01395.JPG,554961.504141,2234,-101.2,6.3,-3.6
DSC01396.JPG,554963.639531,2234,-95.2,8,-1.8
DSC01397.JPG,554965.674969,2234,-99,7.1,-5.9
DSC01398.JPG,554967.643851,2234,-100.9,6.1,-1.6
DSC01399.JPG,554969.045308,2234,-101.5,5.8,-6.2
DSC01400.JPG,554971.013848,2234,-99.4,5.5,0.6
DSC01401.JPG,554972.88201,2234,-97,5.4,0.3
DSC01402.JPG,554974.75054,2234,-100.1,5,-3.7
DSC01403.JPG,554976.652498,2234,-102.5,3.2,-2
DSC01404.JPG,554978.587669,2234,-95.7,1.2,0.2
DSC01405.JPG,554980.457407,2234,-98.5,3.1,-3.2
DSC01406.JPG,554982.258132,2234,-102.2,2.6,0
DSC01407.JPG,554984.059639,2234,-99.4,3.4,0.4
DSC01408.JPG,554985.861709,2234,-100.2,4.6,0.5
DSC01409.JPG,554986.762701,2234,-98.8,3.6,0.9
DSC01410.JPG,554988.564822,2234,-100.4,5.9,-1
DSC01411.JPG,554990.365973,2234,-95.5,4.5,-1.6
DSC01412.JPG,554992.167967,2234,-96,5.5,-3.3
DSC01413.JPG,554993.969551,2234,-92.8,6.3,2
DSC01414.JPG,554995.771375,2234,-94.6,5.9,-2.2
DSC01415.JPG,554997.607954,2234,-95.8,6,-2.9
DSC01416.JPG,554999.441871,2234,-98.6,4.8,-2.7
DSC01417.JPG,555001.310425,2234,-93.4,3.3,0.2
DSC01418.JPG,555003.112247,2234,-91,2.6,1.3
DSC01419.JPG,555004.380145,2234,-96.3,3.1,-4.2
DSC01420.JPG,555006.181893,2234,-101.3,1.9,-2.3
DSC01421.JPG,555008.016906,2234,-104.9,1.1,-3.1
DSC01422.JPG,555009.918922,2234,-105,-0.8,3.2
DSC01423.JPG,555011.754248,2234,-105.2,-1.7,0.9
DSC01424.JPG,555013.589158,2234,-97.2,-2.6,-0.1
DSC01425.JPG,555015.391092,2234,-103.3,-2.7,1.8
DSC01426.JPG,555017.193028,2234,-104.5,-2.3,-4.2
DSC01427.JPG,555019.062659,2234,-101.9,-3.8,5.4
DSC01428.JPG,555020.86334,2234,-99.3,-5,0.4
DSC01429.JPG,555021.630989,2234,-101.8,-5.3,1.5
DSC01430.JPG,555023.399002,2234,-100.1,-3.9,5.8
DSC01431.JPG,555025.200605,2234,-99.6,-2.2,-2.4
DSC01432.JPG,555026.969196,2234,-101.5,-1,-0.5
DSC01433.JPG,555028.771172,2234,-98.3,-1.4,1.5
DSC01434.JPG,555030.639792,2234,-103.8,-1.5,2.5
DSC01435.JPG,555032.508251,2234,-102.1,-2.8,2.7
DSC01436.JPG,555034.343504,2234,-101.8,-1.5,-0.1
DSC01437.JPG,555036.211995,2234,-97.7,-1.9,-1
DSC01438.JPG,555038.080405,2234,-98,-0.6,1.5
DSC01439.JPG,555039.247973,2234,-98.8,0.5,4.1
DSC01440.JPG,555041.11694,2234,-96.6,2,-0.2
DSC01441.JPG,555042.952173,2234,-102.1,2.6,-2.9
DSC01442.JPG,555044.753978,2234,-96.7,4.1,1
DSC01443.JPG,555046.588893,2234,-97.2,4,2.4
DSC01444.JPG,555048.490883,2234,-90.6,4.1,2.1
DSC01445.JPG,555050.359502,2234,-88.8,0.5,1.8
DSC01446.JPG,555052.127972,2234,-93.6,6.7,-1.9
DSC01447.JPG,555053.963019,2234,-94.7,7.6,-2.6
DSC01448.JPG,555055.865041,2234,-99.9,6.5,-1.8
DSC01449.JPG,555057.700017,2234,-96.6,4.4,1.2
DSC01450.JPG,555059.802318,2234,-91.3,3.3,3.3
DSC01451.JPG,555062.004723,2234,-88.2,1.9,-4
DSC01452.JPG,555064.106593,2234,-91.2,3.1,-1.1
DSC01453.JPG,555066.175475,2234,-88.5,4.6,-0.6
DSC01454.JPG,555068.244292,2234,-90.9,4.2,-0.5
DSC01455.JPG,555070.279419,2234,-88.4,3.1,-3.4
DSC01456.JPG,555072.281563,2234,-88.1,3.8,-0.1
DSC01457.JPG,555074.383563,2234,-94.8,0.7,3.8
DSC01458.JPG,555076.418927,2234,-92.4,-0.8,0.2
DSC01459.JPG,555078.354174,2234,-91.2,0.4,-0.8
DSC01460.JPG,555080.289575,2234,-94.8,0.4,-0.2
DSC01461.JPG,555082.258289,2234,-95.5,0.9,-0.5
DSC01462.JPG,555084.260134,2234,-95.2,0.5,0.8
DSC01463.JPG,555086.295459,2234,-97.4,1.1,-0.4
DSC01464.JPG,555088.364141,2234,-91,-0.1,-1.8
DSC01465.JPG,555090.433117,2234,-88.5,0.5,2.6
DSC01466.JPG,555102.462934,2234,57.8,6.5,9.8
DSC01467.JPG,555103.913392,2234,73.4,7.4,18.7
DSC01468.JPG,555105.347682,2234,86.3,5,11.1
DSC01469.JPG,555106.749221,2234,88,5.4,-0.2
DSC01470.JPG,555108.184022,2234,83.6,4.6,-8.6
DSC01471.JPG,555109.652139,2234,77.8,3.9,-7.8
DSC01472.JPG,555111.119945,2234,72.1,1.8,-6
DSC01473.JPG,555112.588301,2234,73.4,1.7,2.9
DSC01474.JPG,555114.089955,2234,74.4,0.3,1.8
DSC01475.JPG,555115.591243,2234,77.5,0,1.2
DSC01476.JPG,555117.127453,2234,76.4,-0.4,2.6
DSC01477.JPG,555117.860276,2234,77.1,-0.2,-2.2
DSC01478.JPG,555119.363334,2234,79.2,1,2.5
DSC01479.JPG,555120.797011,2234,77,1.2,-1.6
DSC01480.JPG,555122.197955,2234,77.3,1.9,-1
DSC01481.JPG,555123.599503,2234,74.9,4.3,0.9
DSC01482.JPG,555125.000624,2234,75.6,2.6,-2.6
DSC01483.JPG,555126.368477,2234,75.2,3.7,2.9
DSC01484.JPG,555127.73652,2234,78.4,5.3,-0.5
DSC01485.JPG,555129.138895,2234,79.9,6.4,-2.5
DSC01486.JPG,555130.50651,2234,74.5,5.2,-1.2
DSC01487.JPG,555131.240208,2234,76.4,6.3,0.1
DSC01488.JPG,555132.675114,2234,76.6,6.6,-2.6
DSC01489.JPG,555134.109962,2234,80.9,6.2,4.1
DSC01490.JPG,555135.544772,2234,81.5,4.6,-1.3
DSC01491.JPG,555136.979366,2234,75.2,6.1,-2.4
DSC01492.JPG,555138.480996,2234,76.7,2.8,0.6
DSC01493.JPG,555139.982481,2234,76.4,1,-0.1
DSC01494.JPG,555141.483772,2234,78.1,0,-1.2
DSC01495.JPG,555143.018671,2234,78.6,-0.1,0.2
DSC01496.JPG,555144.587149,2234,77.8,-0.5,0.4
DSC01497.JPG,555145.35493,2234,77,-0.5,0.1
DSC01498.JPG,555146.922911,2234,76,-1.6,-4.2
DSC01499.JPG,555148.490904,2234,76.9,-1,0.7
DSC01500.JPG,555150.059029,2234,76.8,-1.2,1
DSC01501.JPG,555151.627871,2234,75.3,-1.8,2.7
DSC01502.JPG,555153.163401,2234,79.1,-2.3,-2.4
DSC01503.JPG,555154.663852,2234,77.3,-2.8,0.8
DSC01504.JPG,555156.131736,2234,81.9,-2.6,0.2
DSC01505.JPG,555157.566283,2234,82.2,-1.9,-0.2
DSC01506.JPG,555159.03515,2234,79.7,-1.6,-0.2
DSC01507.JPG,555159.768707,2234,77.2,-2.1,-2.6
DSC01508.JPG,555161.237474,2234,75.4,-3.1,-4.1
DSC01509.JPG,555162.671465,2234,74.7,-3,2.1
DSC01510.JPG,555164.139652,2234,82,-3.1,3
DSC01511.JPG,555165.641433,2234,82.3,-2.4,-0.8
DSC01512.JPG,555167.143356,2234,75,-2.2,-1.1
DSC01513.JPG,555168.611011,2234,79.8,-2.2,1.2
DSC01514.JPG,555170.079113,2234,80.6,-0.9,4.2
DSC01515.JPG,555171.61467,2234,83.1,-0.3,0
DSC01516.JPG,555173.115729,2234,83.5,-0.8,0.8
DSC01517.JPG,555174.016325,2234,80.8,-0.1,-0.9
DSC01518.JPG,555175.584747,2234,86,0.2,-2.2
DSC01519.JPG,555177.119085,2234,79.9,0.3,-3.3
DSC01520.JPG,555178.688092,2234,76.5,0.7,1.4
DSC01521.JPG,555180.256547,2234,77.9,1.5,0.3
DSC01522.JPG,555181.824679,2234,80.3,2.5,1.4
DSC01523.JPG,555183.359179,2234,78.7,2.6,1.4
DSC01524.JPG,555184.860586,2234,81.7,5.5,-2.2
DSC01525.JPG,555186.42936,2234,80.3,4.5,-0.7
DSC01526.JPG,555188.030355,2234,75.3,1.7,0.9
DSC01527.JPG,555189.399132,2234,73.9,3.6,-1.9
DSC01528.JPG,555191.000153,2234,76.8,2.3,2.6
DSC01529.JPG,555192.601601,2234,76.3,1.5,0.8
DSC01530.JPG,555194.16991,2234,77.9,1,1.1
DSC01531.JPG,555195.738056,2234,79.8,-0.1,-0.2
DSC01532.JPG,555197.273216,2234,78.4,0.6,0.7
DSC01533.JPG,555198.808248,2234,78,0.2,4.3
DSC01534.JPG,555200.310064,2234,77.2,0.1,-2.8
DSC01535.JPG,555201.84555,2234,76,-0.3,3
DSC01536.JPG,555203.346383,2234,72.3,-1,-1.7
DSC01537.JPG,555204.246855,2234,72.5,-1.1,1.8
DSC01538.JPG,555205.715066,2234,80.2,-1.8,0.5
DSC01539.JPG,555207.116371,2234,82.8,0.6,2.1
DSC01540.JPG,555208.517643,2234,77.5,2.7,1
DSC01541.JPG,555209.952317,2234,86.3,3,11.2
DSC01542.JPG,555211.421147,2234,74.3,4.5,-7.2
DSC01543.JPG,555212.956705,2234,73.7,4.1,-3.6
DSC01544.JPG,555214.557336,2234,74.9,4.3,7.4
DSC01545.JPG,555216.159035,2234,86,2.5,3.6
DSC01546.JPG,555217.726864,2234,82.2,3.7,-1.9
DSC01547.JPG,555219.295289,2234,85.5,3.3,-4.3
DSC01548.JPG,555220.797895,2234,80.3,4.5,-1.2
DSC01549.JPG,555222.264893,2234,80.3,3.5,3.8
DSC01550.JPG,555223.766291,2234,76.6,4,-1
DSC01551.JPG,555225.268072,2234,74.3,1.1,2.6
DSC01552.JPG,555226.769472,2234,76.6,-0.3,5.1
DSC01553.JPG,555228.237623,2234,78.5,0.4,2.3
DSC01554.JPG,555240.533658,2234,-100,-3.7,2.3
DSC01555.JPG,555242.318042,2234,-95.5,-4.7,2.3
DSC01556.JPG,555244.053599,2234,-95.3,-4.6,6
DSC01557.JPG,555245.721742,2234,-95.3,-3.6,2.3
DSC01558.JPG,555247.423211,2234,-94.4,-4.3,-1.9
DSC01559.JPG,555249.12518,2234,-100.9,-4.9,-1.2
DSC01560.JPG,555250.826727,2234,-103.6,-5,0.4
DSC01561.JPG,555252.561859,2234,-101,-4.7,3.5
DSC01562.JPG,555254.330125,2234,-104.8,-6.8,2.7
DSC01563.JPG,555256.065391,2234,-101.5,-7,-0.2
DSC01564.JPG,555257.633799,2234,-105,-5.6,-1.6
DSC01565.JPG,555259.368482,2234,-100.8,-8.6,4.4
DSC01566.JPG,555261.103772,2234,-102.3,-6.9,-0.5
DSC01567.JPG,555262.83912,2234,-101.2,-5.5,0.4
DSC01568.JPG,555264.573667,2234,-102.4,-4.5,-0.4
DSC01569.JPG,555266.342092,2234,-97.4,-4.2,4.8
DSC01570.JPG,555268.110679,2234,-94.5,-3.9,4.5
DSC01571.JPG,555269.879221,2234,-93.5,-3.9,-2.5
DSC01572.JPG,555271.647409,2234,-101.7,-3,-3
DSC01573.JPG,555273.450495,2234,-103.9,-3.1,-0.8
DSC01574.JPG,555274.350628,2234,-99.7,-3.7,3.8
DSC01575.JPG,555276.085905,2234,-101.2,-2.1,0.7
DSC01576.JPG,555277.82033,2234,-94,-1.9,-0.9
DSC01577.JPG,555279.589467,2234,-95.9,-1.8,0.5
DSC01578.JPG,555281.290417,2234,-91.2,-0.7,-0.9
DSC01579.JPG,555283.025894,2234,-101.2,-4,-3.5
DSC01580.JPG,555284.694091,2234,-105.7,-2.8,2.3
DSC01581.JPG,555286.362187,2234,-95.3,-3.3,11.1
DSC01582.JPG,555288.064424,2234,-99.6,-2,4.6
DSC01583.JPG,555289.765563,2234,-104.5,-1.8,1.2
DSC01584.JPG,555291.200797,2234,-103.7,-0.6,2.5
DSC01585.JPG,555292.935494,2234,-104.3,0.5,-0.8
DSC01586.JPG,555294.770532,2234,-105.2,1.2,-1.4
DSC01587.JPG,555296.605889,2234,-103,2.1,2.3
DSC01588.JPG,555298.441096,2234,-100.4,2.5,1
DSC01589.JPG,555300.409675,2234,-104.7,-0.8,-1.8
DSC01590.JPG,555302.445171,2234,-103.2,-2.3,-1.8
DSC01591.JPG,555304.446991,2234,-108.4,-2.4,1.1
DSC01592.JPG,555306.315503,2234,-103.6,-2.7,4.4
DSC01593.JPG,555308.117403,2234,-98.2,-1.5,0.3
DSC01594.JPG,555309.518891,2234,-96.6,-0.7,-1.5
DSC01595.JPG,555311.287347,2234,-94.9,-0.7,-0.7
DSC01596.JPG,555313.1238,2234,-96.4,-0.5,1.7
DSC01597.JPG,555314.957615,2234,-101.5,-0.5,-1.6
DSC01598.JPG,555316.827262,2234,-97.9,0.4,1.2
DSC01599.JPG,555318.661331,2234,-99.4,0.2,-1.8
DSC01600.JPG,555320.596576,2234,-100.1,-2.5,-1.8
DSC01601.JPG,555322.532304,2234,-100.4,-1.6,-0.1
DSC01602.JPG,555324.467109,2234,-102.2,-1.8,0.5
DSC01603.JPG,555326.369341,2234,-105.4,1.1,4.6
DSC01604.JPG,555327.738151,2234,-98,2.3,2.4
DSC01605.JPG,555329.739092,2234,-95,2.2,-1
DSC01606.JPG,555331.874692,2234,-97.3,2.9,-0.1
DSC01607.JPG,555334.077863,2234,-92.4,4.5,-2.6
DSC01608.JPG,555336.278986,2234,-93.6,5,-0.7
DSC01609.JPG,555338.481795,2234,-94.2,5.9,0.1
DSC01610.JPG,555340.649859,2234,-92.7,8.4,-1.6
DSC01611.JPG,555342.852093,2234,-93.5,8.4,-1.4
DSC01612.JPG,555345.121194,2234,-90.4,7.6,-0.1
DSC01613.JPG,555347.289757,2234,-89.1,8.8,-1.2
DSC01614.JPG,555349.191739,2234,-86.3,7.4,0.1
DSC01615.JPG,555351.327172,2234,-93.7,8.8,-2.3
DSC01616.JPG,555353.529593,2234,-93,7.6,-4.3
DSC01617.JPG,555355.798264,2234,-95.4,7.8,0.4
DSC01618.JPG,555358.067507,2234,-87.3,5.7,0.7
DSC01619.JPG,555360.336552,2234,-97.8,3.4,-4.6
DSC01620.JPG,555362.705447,2234,-94.9,0.1,-1.4
DSC01621.JPG,555364.907512,2234,-93.5,3,1
DSC01622.JPG,555367.109663,2234,-96.5,4,1.3
DSC01623.JPG,555369.411948,2234,-95.6,3.5,-0.8
DSC01624.JPG,555370.913857,2234,-99,2.8,-5.3
DSC01625.JPG,555373.149168,2234,-102.3,4.1,-0.4
DSC01626.JPG,555375.418322,2234,-97.2,3.1,-1.7
DSC01627.JPG,555377.687139,2234,-99.4,3.4,0.6
DSC01628.JPG,555379.989847,2234,-96.2,3.1,2
DSC01629.JPG,555382.224973,2234,-97.1,1.6,-0.9
DSC01630.JPG,555384.36045,2234,-99.6,4,-2.8
DSC01631.JPG,555386.530457,2234,-100.7,4.2,0
DSC01632.JPG,555388.731434,2234,-99,1.7,-0.6
DSC01633.JPG,555390.900336,2234,-100.7,2.3,1.5
DSC01634.JPG,555393.002423,2234,-99.8,2.9,-0.1
DSC01635.JPG,555395.139155,2234,-98.8,3.2,-2.9
DSC01636.JPG,555397.206683,2234,-102.8,3,1.4
DSC01637.JPG,555399.308561,2234,-104.2,3.5,-0.2
DSC01638.JPG,555401.477443,2234,-101.8,2.1,-1.8
DSC01639.JPG,555403.54631,2234,-101.8,2,2.1
DSC01640.JPG,555415.108445,2234,65.8,3,18.3
DSC01641.JPG,555416.492605,2234,85.2,2.4,19.6
DSC01642.JPG,555417.893832,2234,95.2,1.5,7.2
DSC01643.JPG,555419.295426,2234,97.7,1.6,-3.6
DSC01644.JPG,555420.696623,2234,94.3,2.4,-11.2
DSC01645.JPG,555422.098007,2234,86,2.3,-9.8
DSC01646.JPG,555423.500204,2234,79,3.2,-4.5
DSC01647.JPG,555424.90211,2234,76.6,2.9,-1.9
DSC01648.JPG,555426.269575,2234,76.1,3.9,-0.6
DSC01649.JPG,555427.704222,2234,79,4,5.5
DSC01650.JPG,555429.138569,2234,83.9,2.1,1.4
DSC01651.JPG,555429.872516,2234,83.3,1.9,1.4
DSC01652.JPG,555431.30698,2234,85,1,2
DSC01653.JPG,555432.675426,2234,88.1,1.7,1.5
DSC01654.JPG,555434.078056,2234,79.7,-0.6,-3.4
DSC01655.JPG,555435.411463,2234,77.2,-1.4,-4.7
DSC01656.JPG,555436.779389,2234,78.4,-1.5,-1.1
DSC01657.JPG,555438.148046,2234,80.4,-2.2,-0.1
DSC01658.JPG,555439.448667,2234,75.7,-0.1,0.6
DSC01659.JPG,555440.78327,2234,75.9,-0.8,-0.3
DSC01660.JPG,555442.151566,2234,77.7,-0.8,3.8
DSC01661.JPG,555442.88686,2234,77.5,-0.7,1.5
DSC01662.JPG,555444.220148,2234,78.4,1.3,3.9
DSC01663.JPG,555445.554871,2234,79.3,1.6,-1.1
DSC01664.JPG,555446.88942,2234,81.2,3.1,-2.4
DSC01665.JPG,555448.2242,2234,80.2,3.7,0.3
DSC01666.JPG,555449.525742,2234,78.9,5.1,-2.2
DSC01667.JPG,555450.826885,2234,75.7,7.9,-3.7
DSC01668.JPG,555452.162715,2234,79.2,8.3,-3.2
DSC01669.JPG,555453.530095,2234,76.3,8.1,-0.4
DSC01670.JPG,555454.998327,2234,74.6,5,1.8
DSC01671.JPG,555456.132281,2234,73.7,2.8,-1
DSC01672.JPG,555457.600836,2234,76.4,4.7,1.6
DSC01673.JPG,555458.968404,2234,79.1,5,1
DSC01674.JPG,555460.336638,2234,83.2,3.5,1.1
DSC01675.JPG,555461.704563,2234,75.6,4.4,-5.5
DSC01676.JPG,555463.107539,2234,77.3,3.5,-1.2
DSC01677.JPG,555464.507324,2234,79,1.4,-1
DSC01678.JPG,555465.942077,2234,81.5,2.2,-1
DSC01679.JPG,555467.343479,2234,80.9,-0.1,-1.6
DSC01680.JPG,555468.711324,2234,79.6,4.3,4.4
DSC01681.JPG,555469.612458,2234,81.1,1.1,-0.3
DSC01682.JPG,555470.913903,2234,77.2,3.8,-2.5
DSC01683.JPG,555472.28295,2234,76.2,3.1,1.6
DSC01684.JPG,555473.582844,2234,79.1,5.9,-0.7
DSC01685.JPG,555474.918284,2234,76.7,5.9,0.3
DSC01686.JPG,555476.252154,2234,75.4,7.2,-0.8
DSC01687.JPG,555477.587097,2234,77.5,7.1,-2.2
DSC01688.JPG,555478.954909,2234,77.6,7.7,-1.7
DSC01689.JPG,555480.289647,2234,78.6,7.6,0.1
DSC01690.JPG,555481.624709,2234,80.7,8.4,-1.3
DSC01691.JPG,555482.760065,2234,78.3,8,-3.9
DSC01692.JPG,555484.127539,2234,72.5,6.8,-2.1
DSC01693.JPG,555485.628781,2234,78.5,3.8,-0.2
DSC01694.JPG,555487.164407,2234,78.8,0.2,3.5
DSC01695.JPG,555488.766009,2234,78.3,-0.3,2.6
DSC01696.JPG,555490.366766,2234,81.7,-2.1,0.1
DSC01697.JPG,555491.93596,2234,79,-3.2,-2.6
DSC01698.JPG,555493.470862,2234,79,-5.2,0.1
DSC01699.JPG,555494.938246,2234,82.6,-6.7,-0.6
DSC01700.JPG,555496.406503,2234,80.5,-6.3,0.2
DSC01701.JPG,555497.106687,2234,79,-6,1.3
DSC01702.JPG,555498.574803,2234,76.8,-6.2,5.6
DSC01703.JPG,555500.009593,2234,78.2,-5.3,3.7
DSC01704.JPG,555501.44483,2234,78.2,-4.8,3.1
DSC01705.JPG,555502.812696,2234,77.4,-4.5,2.2
DSC01706.JPG,555504.213744,2234,75.9,-4,1.2
DSC01707.JPG,555505.61501,2234,77.9,-1.8,-0.3
DSC01708.JPG,555507.049875,2234,75.3,-2.7,1.9
DSC01709.JPG,555508.551899,2234,75.4,-3,1.6
DSC01710.JPG,555510.019336,2234,76.5,-2.2,1.4
DSC01711.JPG,555510.788148,2234,73,-2.7,1.2
DSC01712.JPG,555512.256501,2234,78.3,-0.3,4.6
DSC01713.JPG,555513.756569,2234,81.7,-0.4,0.8
DSC01714.JPG,555515.358798,2234,81.1,-0.7,-2.2
DSC01715.JPG,555516.92633,2234,75.8,0.1,1.9
DSC01716.JPG,555518.494741,2234,79.6,1.1,-1.7
DSC01717.JPG,555520.029555,2234,82.2,1.5,3.6
DSC01718.JPG,555521.59768,2234,83.5,1.8,2.1
DSC01719.JPG,555523.166069,2234,83.2,2.5,0.3
DSC01720.JPG,555524.768209,2234,82,2.6,-0.3
DSC01721.JPG,555526.370478,2234,81.2,3.4,-3.8
DSC01722.JPG,555527.970583,2234,82,2.4,-0.5
DSC01723.JPG,555529.538996,2234,74.7,4.7,-0.1
DSC01724.JPG,555531.140597,2234,81.8,5.2,2.3
DSC01725.JPG,555532.709296,2234,83.3,5.5,0.4
DSC01726.JPG,555534.243924,2234,85,6.3,-2.8
DSC01727.JPG,555545.788408,2234,-90,8.6,-3.3
DSC01728.JPG,555547.957306,2234,-92.5,4.6,0.7
DSC01729.JPG,555550.227007,2234,-95.8,4.5,-3.6
DSC01730.JPG,555552.529196,2234,-99.8,2.2,-2.9
DSC01731.JPG,555554.831048,2234,-102.5,-0.2,0.6
DSC01732.JPG,555557.033401,2234,-101.8,-1.6,2
DSC01733.JPG,555559.135267,2234,-97.2,-2.2,1
DSC01734.JPG,555561.137183,2234,-101.6,-3.2,-1.1
DSC01735.JPG,555563.10603,2234,-99,-3.7,-1
DSC01736.JPG,555565.007948,2234,-101.3,-3.6,-0.2
DSC01737.JPG,555566.676131,2234,-100.3,-3.2,0.1
DSC01738.JPG,555568.544823,2234,-100.5,-2.7,0.3
DSC01739.JPG,555570.413418,2234,-98.5,-1.7,2.5
DSC01740.JPG,555572.315223,2234,-101.7,-1.6,-1.9
DSC01741.JPG,555574.283689,2234,-101,-2.1,2.2
DSC01742.JPG,555576.219166,2234,-100.5,-1.4,-1.9
DSC01743.JPG,555578.154587,2234,-100.3,-0.5,-2.6
DSC01744.JPG,555580.089666,2234,-94.6,0.5,2.9
DSC01745.JPG,555582.024957,2234,-99.9,0.4,1.5
DSC01746.JPG,555583.926824,2234,-102.5,0,-2.5
DSC01747.JPG,555585.22807,2234,-106.5,-2.2,0.8
DSC01748.JPG,555587.197144,2234,-107.9,-3.6,-3.6
DSC01749.JPG,555589.065336,2234,-104.4,-3.6,1.2
DSC01750.JPG,555590.967188,2234,-104.1,-2.3,1.3
DSC01751.JPG,555592.969137,2234,-97.2,-2.3,5
DSC01752.JPG,555594.971236,2234,-96.5,1.5,0.1
DSC01753.JPG,555597.039829,2234,-96.8,3.3,-0.3
DSC01754.JPG,555599.07533,2234,-91.5,7.4,-5.8
DSC01755.JPG,555601.144159,2234,-93,8.9,-2.1
DSC01756.JPG,555603.347379,2234,-96.4,8.6,-0.2
DSC01757.JPG,555605.147904,2234,-91.4,8.6,1.4
DSC01758.JPG,555607.283634,2234,-87.2,8.9,0.8
DSC01759.JPG,555609.418997,2234,-88,7.5,-4.1
DSC01760.JPG,555611.554459,2234,-92,6.3,-3.4
DSC01761.JPG,555613.756657,2234,-90.9,7.6,1.1
DSC01762.JPG,555615.960137,2234,-90,5.8,0.1
DSC01763.JPG,555618.060611,2234,-92.7,4.7,-2.5
DSC01764.JPG,555620.163101,2234,-93.1,4.7,-2.3
DSC01765.JPG,555622.198327,2234,-93,4.9,-1.6
DSC01766.JPG,555624.167135,2234,-98.7,3.9,-1.9
DSC01767.JPG,555625.668456,2234,-97.1,1.8,1.1
DSC01768.JPG,555627.637333,2234,-98.6,2.5,-3.9
DSC01769.JPG,555629.640387,2234,-93.7,2.6,0.3
DSC01770.JPG,555631.507463,2234,-96.3,3.7,-1.7
DSC01771.JPG,555633.34285,2234,-96.5,4.9,-1.4
DSC01772.JPG,555635.144813,2234,-97.3,3.7,1.8
DSC01773.JPG,555636.97981,2234,-102.8,3.9,-1.7
DSC01774.JPG,555638.848328,2234,-102.9,1,0
DSC01775.JPG,555640.683842,2234,-96.4,0.8,-0.7
DSC01776.JPG,555642.485532,2234,-95.4,0.2,-1